name,freq
just,15758
get,15417
like,14661
will,12701
love,12177
one,11899
day,11699
thank,11671
time,11181
can,11151
good,10281
know,9400
make,9145
now,9119
new,8457
see,8076
work,7682
great,7496
follow,7393
think,7377
look,7346
want,7341
come,7244
today,7226
said,7187
need,7176
year,7136
back,6731
peopl,6727
say,6415
got,5930
lol,5746
thing,5469
right,5335
much,5307
take,5226
way,5189
realli,5128
last,5087
use,4910
first,4868
well,4780
still,4635
happi,4630
start,4630
show,4619
week,4596
night,4537
hope,4528
feel,4509
game,4495
even,4375
play,4219
tonight,4103
watch,4090
call,4044
tri,4036
best,4001
life,3980
never,3885
also,3813
live,3681
friend,3659
next,3531
two,3469
home,3442
wait,3404
help,3402
give,3367
let,3312
better,3305
guy,3295
alway,3255
talk,3206
school,3175
man,3172
tweet,3094
mani,3084
littl,3072
keep,3055
miss,3026
someth,3024
sure,2900
pleas,2866
made,2864
may,2845
tell,2845
world,2825
big,2782
yes,2750
girl,2748
ever,2735
twitter,2715
everi,2699
lot,2696
morn,2661
run,2647
find,2639
tomorrow,2613
everyon,2597
book,2583
read,2506
check,2500
win,2454
anoth,2453
long,2448
mean,2435
put,2435
ask,2434
end,2431
state,2422
stop,2419
team,2415
thought,2383
around,2344
place,2337
bad,2327
fun,2324
open,2318
head,2315
someon,2290
chang,2271
free,2253
weekend,2243
hey,2223
meet,2220
person,2216
awesom,2209
final,2208
hour,2200
kid,2197
nice,2188
music,2181
wish,2163
haha,2140
hous,2121
happen,2091
busi,2073
god,2061
old,2050
famili,2049
job,2042
enjoy,2040
name,2039
citi,2030
plan,1983
done,1976
move,1973
yeah,1971
word,1967
excit,1966
soon,1953
point,1952
amaz,1938
month,1934
sinc,1928
part,1927
hate,1916
though,1911
hear,1903
post,1895
season,1880
away,1872
gonna,1864
pretti,1861
hard,1848
real,1844
hit,1801
sound,1799
wonder,1796
stay,1766
support,1762
turn,1752
beauti,1748
readi,1744
song,1742
alreadi,1739
high,1724
believ,1722
actual,1720
fan,1720
cool,1718
anyon,1701
might,1694
yet,1671
interest,1669
care,1664
learn,1663
seem,1663
set,1661
stori,1660
differ,1654
food,1654
friday,1643
parti,1640
mayb,1612
idea,1610
write,1604
left,1598
movi,1592
three,1591
eat,1581
class,1571
noth,1562
birthday,1555
must,1545
question,1536
bring,1535
money,1535
went,1518
everyth,1514
share,1512
without,1494
favorit,1491
includ,1482
leav,1482
sleep,1481
minut,1470
walk,1469
close,1467
mom,1456
forward,1454
second,1451
anyth,1448
enough,1446
offic,1442
listen,1441
found,1434
face,1427
boy,1423
rememb,1419
sorri,1418
kind,1411
saw,1411
hand,1408
video,1392
car,1391
pick,1387
room,1378
top,1373
TRUE,1372
welcom,1358
compani,1356
phone,1348
student,1347
event,1334
line,1333
far,1330
babi,1324
news,1310
mind,1303
heart,1296
told,1295
earli,1293
drink,1291
glad,1289
late,1285
park,1279
buy,1269
problem,1267
servic,1266
email,1260
mother,1254
report,1252
least,1246
break,1243
caus,1238
becom,1229
die,1226
guess,1225
nation,1224
wanna,1224
sometim,1220
wow,1220
send,1216
serious,1212
came,1201
finish,1200
ass,1198
drive,1196
els,1196
sign,1195
special,1186
full,1183
pass,1183
almost,1179
probabl,1179
power,1174
project,1174
bit,1171
dream,1170
number,1170
summer,1166
perfect,1162
sunday,1162
togeth,1159
cours,1158
public,1157
reason,1156
market,1149
later,1148
took,1140
group,1139
dont,1137
million,1135
join,1132
stuff,1130
white,1127
blog,1118
list,1116
visit,1115
eye,1108
record,1105
pay,1103
rock,1100
black,1097
seen,1095
fall,1092
hot,1091
past,1088
product,1088
kill,1086
crazi,1083
issu,1082
saturday,1082
deal,1076
monday,1076
cut,1074
creat,1071
women,1071
art,1064
expect,1061
side,1060
total,1059
success,1056
less,1052
whole,1051
american,1048
light,1048
order,1046
complet,1045
it’s,1044
film,1042
offici,1040
center,1034
offer,1032
damn,1030
water,1029
agre,1027
pictur,1026
build,1025
wrong,1025
design,1020
bed,1018
save,1014
case,1012
heard,1010
perform,1009
ago,1008
import,1006
beer,1001
sit,993
stand,992
near,988
sweet,987
social,980
program,978
experi,975
half,973
countri,972
manag,971
wear,968
gotta,965
moment,965
dog,964
abl,963
player,961
text,959
vote,959
children,957
red,957
sad,953
begin,950
chanc,948
congrat,946
street,945
understand,945
omg,944
area,940
continu,940
possibl,940
lost,935
page,935
hell,933
spend,930
funni,929
hold,928
lead,928
present,928
quit,924
cover,922
definit,919
small,917
ticket,916
matter,909
beat,907
facebook,902
young,901
fact,899
local,895
law,891
four,890
luck,889
train,889
add,882
counti,882
decid,882
star,882
communiti,878
coupl,877
store,874
card,873
celebr,871
site,871
hair,868
member,864
act,863
bitch,863
futur,863
outsid,863
dinner,859
direct,856
men,855
date,853
receiv,853
shop,852
speak,851
either,847
inform,845
colleg,844
shot,843
fight,842
goe,842
fire,839
answer,838
mention,837
presid,834
forget,832
short,832
danc,831
posit,830
band,828
realiz,828
allow,825
media,823
along,822
bill,822
yesterday,822
ladi,821
dude,820
percent,819
suck,819
develop,818
releas,818
road,815
lose,814
polic,814
super,811
john,808
often,808
coffe,804
rest,804
univers,803
base,800
instead,800
account,799
green,799
trip,798
photo,797
goal,792
tire,792
thursday,790
parent,789
lunch,786
bar,785
coach,784
rain,782
clear,780
recent,779
bodi,778
spring,778
test,776
okay,773
practic,773
appreci,772
don’t,771
sale,766
san,766
drop,765
serv,762
woman,762
note,761
singl,761
inspir,756
onlin,754
system,754
paper,750
behind,749
provid,747
seri,746
son,742
obama,740
return,740
weather,739
link,738
piec,738
consid,734
health,734
grow,733
price,731
step,728
age,725
figur,725
govern,723
knew,722
wine,718
gone,717
hurt,716
april,715
sever,715
ball,712
smile,712
avail,711
cost,711
board,710
featur,710
chicago,709
quick,709
worri,709
club,708
histori,708
blue,707
usual,705
brother,701
studi,700
town,700
laugh,698
tuesday,697
cant,696
shoot,696
race,695
websit,695
bro,691
christma,689
color,689
worth,689
door,687
current,686
hang,686
level,685
catch,683
voic,683
won,683
march,682
mine,681
updat,681
cute,680
surpris,678
aint,674
gave,674
human,674
major,674
cri,673
five,669
challeng,668
focus,668
rule,668
sing,667
fine,666
ride,666
front,663
easi,662
teacher,662
interview,660
educ,659
court,658
custom,657
organ,657
i’m,655
sick,655
gift,654
lmao,654
artist,652
strong,652
roll,651
natur,649
death,647
comment,646
certain,645
confer,645
connect,645
result,645
air,644
charg,644
accord,643
messag,643
score,642
dead,641
track,641
holiday,639
huge,639
suggest,639
brown,638
sport,637
travel,637
cold,636
mark,636
child,635
lie,633
pull,632
rather,632
bless,628
forc,628
charact,627
kick,627
reach,627
safe,626
howev,623
control,621
tune,621
dad,620
tip,620
detail,618
appear,617
heat,616
bore,615
pic,615
clean,613
increas,613
rate,612
announc,611
decis,611
opportun,611
dress,610
general,610
author,608
discuss,608
york,607
sell,604
librari,603
app,602
cook,600
fill,600
notic,600
south,600
ice,599
mad,599
met,599
tast,599
exact,598
respons,598
sister,598
wit,597
across,595
tax,594
polit,593
shout,593
view,591
west,591
session,590
album,589
sens,588
action,587
tour,587
especi,586
type,586
pain,585
america,584
stupid,584
church,582
process,581
round,580
form,579
hello,579
sent,578
bout,576
effect,576
count,572
wake,572
wednesday,572
wife,571
throw,570
rais,569
space,569
spot,569
larg,568
mix,567
relat,567
requir,567
proud,566
former,565
hahaha,563
touch,562
whether,562
insid,560
field,559
remind,559
fit,558
ill,558
sun,557
collect,556
attend,555
box,555
dear,555
mile,553
prepar,553
fail,552
teach,552
cup,549
imagin,549
north,548
choic,545
review,544
research,541
war,541
award,540
austin,538
felt,537
talent,537
folk,536
involv,535
given,533
absolut,532
judg,531
via,531
suppos,530
block,528
king,527
relationship,527
accept,526
anyway,526
bank,526
search,526
info,524
activ,523
wall,523
district,522
memori,522
radio,522
alon,521
entir,521
fund,521
tabl,520
wed,519
limit,518
trust,518
truth,518
energi,517
fast,517
origin,517
contact,516
host,516
intern,515
nigga,515
taken,515
third,515
daughter,514
fair,514
till,514
unit,512
restaur,510
treat,510
within,510
bowl,509
footbal,509
remain,509
spent,509
articl,507
googl,507
key,507
produc,506
fear,504
promis,504
although,503
paint,502
low,501
yea,501
director,500
cat,499
longer,499
fli,496
forev,496
extra,495
main,495
sex,493
dark,492
comput,490
ugh,488
everybodi,487
afternoon,483
middl,481
term,481
bag,480
improv,480
joke,479
weird,479
anymor,478
chicken,477
feder,476
schedul,476
valu,476
pack,475
six,475
network,474
trade,474
whatev,474
cuz,471
leader,471
push,471
stage,471
respect,469
smoke,469
father,467
protect,467
among,465
chocol,465
bought,464
exist,464
loss,464
secur,463
worst,463
beach,462
concert,461
depart,461
benefit,460
glass,460
scene,460
style,460
locat,458
tho,458
convers,457
defens,457
recommend,455
june,453
studio,453
winner,453
fresh,452
juli,452
seat,452
episod,451
peac,451
ground,450
bet,449
carri,448
deserv,448
snow,448
titl,448
arriv,446
jump,446
land,445
concern,444
due,444
feet,444
straight,444
effort,443
jesus,443
ppl,443
attack,442
campaign,442
choos,442
cross,442
david,442
retweet,442
chris,441
internet,441
cake,439
doubl,439
hospit,439
known,439
angel,438
press,438
except,436
graduat,436
pop,436
toward,436
per,435
washington,435
cheer,434
chees,434
industri,434
career,433
leagu,432
burn,430
attent,429
brand,429
breakfast,429
nyc,429
yay,429
garden,428
hill,428
michael,428
quot,428
anim,427
explain,426
honor,426
warm,425
floor,424
justin,424
brought,423
data,423
fix,423
marri,423
resid,422
apart,421
plus,421
cloth,420
invit,419
shirt,419
draft,417
earlier,417
east,416
slow,416
version,416
model,415
secret,415
imag,414
simpl,414
cream,413
hotel,413
iphon,413
role,412
gay,411
handl,411
window,411
senior,410
shoe,410
forgot,408
lucki,408
basebal,407
shut,407
situat,407
station,407
appar,406
enter,406
husband,406
writer,406
commerci,405
doctor,405
leg,405
tree,405
addit,404
deep,404
screen,404
claim,403
draw,402
lord,402
paul,402
bus,401
credit,401
honest,401
refer,401
bottl,400
sort,400
drug,399
hall,399
option,399
earth,398
texa,398
thx,398
oil,397
pizza,397
festiv,396
fish,396
obvious,396
ohio,396
poor,396
fat,395
staff,395
common,394
creativ,394
critic,393
jersey,393
pray,393
perhap,392
access,390
simpli,390
amount,389
exampl,389
file,389
mike,389
tie,389
associ,388
fri,388
oper,388
spread,388
client,385
purchas,385
promot,383
yard,383
meant,382
match,381
arm,380
random,380
stick,380
ahead,379
elect,379
sat,379
winter,379
correct,378
jame,378
degre,377
address,376
california,376
egg,376
cultur,375
somebodi,374
basic,373
qualiti,373
romney,373
republican,372
etc,370
launch,370
min,370
paid,370
print,370
hire,369
plant,369
publish,369
born,368
daili,368
investig,368
biggest,367
regular,367
worker,367
flight,366
letter,366
playoff,366
camp,365
describ,365
impress,365
period,365
truli,365
william,365
doubt,364
florida,364
i’v,364
trend,364
sexi,363
vega,363
rip,362
rose,362
technolog,362
employe,361
excel,361
portland,361
seattl,361
wast,361
joe,360
size,360
annoy,359
digit,359
execut,359
kinda,359
breath,358
commit,358
crowd,358
smell,358
boston,357
faith,357
medic,357
mess,357
polici,357
self,357
appl,356
congratul,356
dollar,356
attempt,355
copi,355
nobodi,355
ignor,354
smh,354
budget,353
cleveland,353
tea,353
becam,352
difficult,352
realiti,352
didn’t,351
giant,351
normal,351
privat,351
fell,349
river,349
fantast,348
ran,348
tough,348
chat,347
code,347
content,347
gym,347
basketbal,346
delici,346
particular,346
emot,345
express,344
guest,344
owner,344
select,344
union,344
boyfriend,343
traffic,343
wrote,343
assist,342
museum,342
yearold,342
bike,341
lil,341
wors,341
earn,340
lake,340
magic,340
lack,339
propos,339
smart,339
troubl,339
billion,338
higher,338
repli,338
sold,338
holi,337
kiss,337
ring,337
similar,337
soul,337
edit,336
grade,336
beyond,335
blood,335
econom,335
finger,335
freak,335
nfl,335
web,335
bear,334
advic,333
annual,333
blow,333
item,333
particip,333
respond,333
rise,333
unless,333
brain,332
contest,332
driver,332
marriag,331
mouth,331
weight,331
began,330
individu,330
miami,330
mobil,330
offens,330
statement,330
admit,329
rich,329
truck,329
averag,328
everyday,328
replac,328
repres,328
corner,327
ipad,327
master,327
opinion,327
stress,327
competit,326
georg,326
pitch,326
held,325
bird,323
entertain,323
remov,323
request,323
sourc,323
stock,323
tom,323
whose,323
confus,322
contract,322
easter,322
engag,322
classic,321
democrat,321
english,321
invest,321
risk,321
donat,320
adult,319
that’s,319
immedi,318
broke,317
consum,317
recip,317
agenc,316
extrem,316
written,316
awkward,315
downtown,315
fashion,315
legal,315
pair,315
stuck,315
battl,314
compar,314
tear,314
cast,313
despit,313
gain,313
appli,312
financi,312
seek,312
cooki,311
yep,311
comfort,310
lay,310
shower,310
suit,310
camera,309
struggl,309
bake,308
feed,308
avoid,307
chill,307
combin,307
discov,307
potenti,307
standard,307
council,306
depend,306
orang,306
popular,306
profession,306
generat,305
wood,305
caught,304
gas,304
healthi,304
led,304
liter,304
scare,304
wild,304
can’t,303
central,303
greatest,303
joy,303
mistak,303
patient,303
region,303
bottom,302
incred,302
kept,302
youtub,302
societi,301
user,301
wtf,301
crew,300
determin,299
languag,299
loud,299
meal,299
partner,299
quiet,299
ship,299
audienc,298
hug,297
hungri,297
grand,296
prefer,296
steve,296
sugar,296
island,295
mayor,295
nap,295
ryan,295
upon,295
approach,294
inde,294
previous,294
adam,293
disappoint,293
economi,293
injuri,293
smith,293
terribl,293
tool,293
aliv,292
femal,292
target,292
twice,292
emerg,291
skill,291
volunt,291
loui,290
relax,290
gold,289
shake,289
wind,289
yall,289
blast,288
motiv,288
jack,287
diego,286
laker,286
latest,286
quarter,286
senat,285
seven,285
tradit,284
buddi,283
construct,283
dri,283
physic,283
squar,283
arrest,282
awar,282
hilari,282
bay,281
brewer,281
grab,281
properti,281
reader,281
achiev,280
approv,280
passion,280
robert,280
root,280
skin,280
tech,280
somewher,278
abil,277
bunch,277
flower,277
kitchen,277
sky,277
cancer,276
drunk,276
lower,276
neighbor,276
chief,275
gorgeous,275
knock,275
spirit,275
woke,275
baltimor,274
insur,274
jealous,274
progress,274
scienc,274
ten,274
victori,274
equal,273
grant,273
gun,273
storm,273
wash,273
workout,273
airport,272
denver,272
wide,272
wrap,272
bday,271
boss,271
craft,270
encourag,270
lock,270
older,270
specif,270
broken,269
channel,269
french,269
measur,269
shape,269
administr,268
advanc,268
candid,268
crap,268
easier,268
nba,268
prove,268
justic,267
lesson,267
speed,267
theme,267
bright,266
cap,266
independ,266
repeat,266
til,266
novel,265
oregon,265
thousand,265
balanc,264
odd,264
pound,264
christian,263
condit,263
firm,262
houston,262
onto,262
vacat,262
bigger,261
communic,261
crack,260
initi,260
matt,260
retir,260
shall,260
sir,260
suffer,260
click,259
panel,259
throughout,259
alright,258
demand,258
scott,258
applic,257
attorney,257
btw,257
foot,257
milwauke,257
pant,257
surviv,257
favor,256
none,256
pleasur,256
sauc,256
scream,256
swear,256
you’r,256
blame,255
crime,255
danger,255
excus,255
purpos,255
athlet,254
campus,254
expens,254
jazz,254
prayer,254
solut,254
exercis,253
knowledg,253
mari,253
profil,253
rush,253
built,252
cash,252
coast,252
guard,252
machin,252
materi,252
mood,252
movement,252
dig,251
speech,251
ton,251
debat,250
decad,250
dick,250
institut,250
januari,250
pool,250
agent,249
committe,249
row,249
wing,249
addict,248
anybodi,248
asleep,248
flavor,248
london,248
mountain,248
rare,248
unfortun,248
doesn’t,247
dumb,247
famous,247
freedom,247
fruit,247
los,247
magazin,247
affect,246
afraid,246
harri,246
jim,246
johnson,246
load,246
thru,246
actor,245
grill,245
mail,245
chase,244
fake,244
jam,244
section,244
subject,244
thoma,244
corpor,243
detroit,243
expert,243
golf,243
hop,243
idk,243
sea,243
eventu,242
growth,242
hook,242
switch,242
topic,242
defend,241
employ,241
impact,241
reduc,241
confid,240
deliv,240
neighborhood,240
rang,240
consist,239
hole,239
youth,239
engin,238
hors,238
modern,238
prevent,238
salad,238
capit,237
goin,237
overal,237
peter,236
plenti,236
status,236
tag,236
boo,235
bridg,235
bull,235
china,235
crash,235
download,235
moon,235
prize,235
didnt,234
goodnight,234
heaven,234
plate,234
sponsor,233
warn,233
attract,232
bread,232
murder,232
strategi,232
inch,231
jone,231
slight,231
rep,230
ridicul,230
sentenc,230
tournament,230
button,229
jackson,229
refus,229
separ,229
ugli,229
desir,228
dish,228
farm,228
global,228
hat,228
path,228
shock,228
burger,227
failur,227
pressur,227
soup,227
audit,226
reserv,226
resourc,226
regist,225
argu,224
closer,224
dalla,224
everywher,224
prison,224
spell,224
stone,224
teen,224
wave,224
drama,223
edg,223
fabul,223
frank,223
function,223
martin,223
menu,223
regard,223
usa,223
theater,222
fool,221
fox,221
upset,221
fee,220
frustrat,220
mental,220
pet,220
pour,220
santa,220
tim,220
ador,219
ear,219
flow,219
guid,219
horribl,219
novemb,219
punch,219
taco,219
francisco,218
pump,218
safeti,218
appeal,217
chick,217
constant,217
contribut,217
plane,217
strength,217
yup,217
assum,216
championship,216
chip,216
easili,216
cell,215
golden,215
pink,215
voter,215
bob,214
complex,214
fourth,214
leadership,214
potato,214
valley,214
british,213
eight,213
februari,213
neither,213
object,213
soccer,213
strang,213
weak,213
contain,212
decemb,212
evid,212
homework,212
mission,212
there’s,212
milk,211
victim,211
ate,210
bell,210
butter,210
grace,210
shift,210
shoutout,209
thanksgiv,209
adventur,208
innov,208
introduc,208
stadium,208
august,207
buck,207
histor,207
hunt,207
sandwich,207
uniqu,207
valentin,207
fellow,206
hero,206
highlight,206
angri,205
cousin,205
he’s,205
noon,205
altern,204
aww,204
background,204
bomb,204
cancel,204
chair,204
chines,204
gather,204
licens,204
mama,204
queen,204
solid,204
tiger,204
whenev,204
afford,203
circl,203
comedi,203
gotten,203
immigr,203
juic,203
junior,203
militari,203
recogn,203
scari,203
suppli,203
trail,203
abus,202
inning,202
math,202
photograph,202
strike,202
tight,202
toni,202
vehicl,202
aveng,201
brew,201
chapter,201
conserv,201
guitar,201
predict,201
sudden,201
advertis,200
dirti,200
empti,200
exhibit,200
explor,200
hoe,200
lmfao,200
map,200
michigan,200
nail,200
ray,200
ultim,200
complain,199
convinc,199
display,199
huh,199
protest,199
van,199
arizona,198
bare,198
butt,198
cheap,198
davi,198
debt,198
def,198
foundat,198
heavi,198
jean,198
seed,198
stamp,198
centuri,197
harder,197
miller,197
reflect,197
rough,197
speaker,197
twin,197
damag,196
destroy,196
grate,196
journal,196
nick,196
obsess,196
opposit,196
rout,196
wont,196
charl,195
christ,195
honey,195
instal,195
iron,195
mac,195
wise,195
booth,194
mall,194
negat,194
nope,194
pro,194
sunni,194
workshop,194
girlfriend,193
hundr,193
labor,193
salt,193
soo,193
tape,193
brilliant,192
candi,192
cloud,192
concept,192
imposs,192
indic,192
journey,192
knee,192
lazi,192
nine,192
boat,191
bond,191
champion,191
confirm,191
diet,191
document,191
epic,191
maintain,191
packag,191
signific,191
besid,190
depress,190
factor,190
mexico,190
necessari,190
reveal,190
southern,190
spanish,190
wat,190
asap,189
civil,189
commiss,189
congress,189
domin,189
legisl,189
marathon,189
nite,189
otherwis,189
rank,189
rick,189
“The,189
alex,188
alot,188
bean,188
delay,188
discount,188
indi,188
octob,188
shoulder,188
singer,188
steal,188
aid,187
anywher,187
apolog,187
divis,187
gop,187
hide,187
ima,187
loan,187
stream,187
ave,186
boot,186
bye,186
citizen,186
fam,186
hockey,186
trial,186
wet,186
atlanta,185
awak,185
crush,185
dat,185
desk,185
entri,185
grew,185
poll,185
soft,185
zone,185
kevin,184
laptop,184
midnight,184
multipl,184
nut,184
sexual,184
spin,184
collabor,183
devic,183
feb,183
gear,183
insan,183
settl,183
treatment,183
woo,183
alcohol,182
flip,182
indian,182
label,182
minor,182
proper,182
ranger,182
ruin,182
sampl,182
submit,182
taught,182
appoint,181
bacon,181
observ,181
taylor,181
various,181
accid,180
anniversari,180
birth,180
devil,180
male,180
profit,180
tend,180
theatr,180
cupcak,179
diseas,179
hunger,179
icon,179
lawyer,179
philli,179
suspect,179
swing,179
tshirt,179
wisconsin,179
advantag,178
babe,178
fortun,178
hollywood,178
meat,178
somehow,178
vision,178
dedic,177
evil,177
interact,177
lee,177
lift,177
andrew,176
beef,176
bite,176
duck,176
jason,176
mass,176
net,176
peep,176
recal,176
skip,176
stretch,176
argument,175
cent,175
delet,175
halloween,175
sum,175
avenu,174
bulli,174
extend,174
pot,174
regret,174
shine,174
sigh,174
slowli,174
tap,174
tattoo,174
tini,174
adopt,173
chef,173
curious,173
electr,173
environ,173
experienc,173
fantasi,173
greater,173
influenc,173
jordan,173
occur,173
stare,173
swim,173
yum,173
accomplish,172
bieber,172
calm,172
eric,172
governor,172
hip,172
nervous,172
brian,171
crimin,171
debut,171
gov,171
cop,170
homi,170
idiot,170
intent,170
kansa,170
lane,170
monster,170
pie,170
survey,170
upcom,170
alleg,169
defin,169
instagram,169
jan,169
pattern,169
pepper,169
plz,169
professor,169
rice,169
cocktail,168
establish,168
gettin,168
kobe,168
septemb,168
stranger,168
surgeri,168
attitud,167
bat,167
bathroom,167
facil,167
largest,167
richard,167
rob,167
sunshin,167
surround,167
flat,166
hack,166
border,165
colorado,165
financ,165
grown,165
guilti,165
lip,165
semest,165
slice,165
yellow,165
ann,164
anytim,164
armi,164
bone,164
duti,164
onion,164
pure,164
shame,164
task,164
televis,164
transport,164
bother,163
dave,163
sam,163
thunder,163
typic,163
yell,163
younger,163
expand,162
fulli,162
merri,162
pocket,162
primari,162
rap,162
saint,162
unfollow,162
yoga,162
coverag,161
essenti,161
europ,161
incom,161
loos,161
oliv,161
reward,161
screw,161
unlik,161
walker,161
don,160
england,160
indiana,160
ive,160
kentucki,160
silli,160
chop,159
distanc,159
illeg,159
intens,159
i’d,159
mysteri,159
packer,159
platform,159
premier,159
yrs,159
accus,158
deni,158
exam,158
jail,158
plain,158
sustain,158
compet,157
consult,157
dine,157
exhaust,157
heck,157
isn’t,157
jet,157
josh,157
patrick,157
amen,156
awww,156
belief,156
fuckin,156
nurs,156
trick,156
editor,155
fav,155
pen,155
planet,155
resum,155
revenu,155
royal,155
villag,155
ban,154
blind,154
convent,154
european,154
feedback,154
highest,154
identifi,154
roast,154
aim,153
crisi,153
element,153
estat,153
flash,153
jeff,153
nah,153
prom,153
structur,153
tomato,153
transfer,153
asid,152
ben,152
comic,152
dare,152
declin,152
espn,152
incid,152
pace,152
plastic,152
recruit,152
threw,152
veget,152
flag,151
foreign,151
groceri,151
height,151
idol,151
investor,151
lame,151
loung,151
method,151
mommi,151
prime,151
repair,151
strip,151
creation,150
drew,150
embarrass,150
escap,150
fiction,150
itun,150
luv,150
silver,150
veteran,150
carolina,149
climb,149
daddi,149
familiar,149
galleri,149
max,149
nose,149
reform,149
retail,149
varieti,149
dope,148
estim,148
lebron,148
madison,148
orlando,148
pride,148
ron,148
ceo,147
clock,147
decor,147
doc,147
dozen,147
joint,147
killer,147
someday,147
spam,147
thrill,147
transit,147
anthoni,146
dan,146
grandma,146
hahah,146
liber,146
mirror,146
nasti,146
nomin,146
spokesman,146
wasn’t,146
behavior,145
belong,145
lion,145
lover,145
oscar,145
smooth,145
tryna,145
visitor,145
wisdom,145
cafe,144
integr,144
newspap,144
pan,144
pari,144
remark,144
succeed,144
swag,144
technic,144
blazer,143
conduct,143
couch,143
daniel,143
heal,143
popul,143
proceed,143
tebow,143
yummi,143
africa,142
alert,142
desper,142
error,142
fault,142
illinoi,142
massiv,142
ncaa,142
plot,142
prep,142
pretend,142
raw,142
upgrad,142
violenc,142
amazon,141
beast,141
canada,141
embrac,141
faster,141
genius,141
grind,141
hmm,141
larger,141
sight,141
solo,141
we’r,141
bud,140
delight,140
dessert,140
elimin,140
forgiv,140
fuel,140
hood,140
intellig,140
lone,140
lyric,140
owe,140
presenc,140
resist,140
teeth,140
theori,140
wheel,140
yanke,140
appropri,139
cheat,139
core,139
hater,139
henri,139
hrs,139
invent,139
italian,139
mexican,139
western,139
alarm,138
chose,138
christi,138
fascin,138
habit,138
instant,138
maryland,138
neck,138
occupi,138
ocean,138
tix,138
toy,138
transform,138
translat,138
wayn,138
biz,137
clark,137
era,137
frame,137
kelli,137
kno,137
librarian,137
nashvill,137
regul,137
arena,136
assign,136
bath,136
insight,136
lemon,136
mini,136
musician,136
pregnant,136
slip,136
threat,136
turkey,136
visual,136
xoxo,136
asian,135
bound,135
bug,135
decent,135
distract,135
irish,135
log,135
roof,135
sheet,135
tall,135
weed,135
brunch,134
categori,134
homeless,134
humor,134
imma,134
ink,134
ipod,134
mcdonald,134
pirat,134
possess,134
prosecutor,134
stat,134
stoke,134
tan,134
thus,134
classroom,133
exchang,133
i’ll,133
layer,133
perri,133
perspect,133
religion,133
smaller,133
spur,133
stood,133
advoc,132
agreement,132
android,132
archiv,132
defeat,132
drove,132
enforc,132
fame,132
gate,132
inc,132
jay,132
jus,132
knick,132
medicin,132
mitt,132
moral,132
outta,132
oven,132
pat,132
payment,132
princ,132
prob,132
reject,132
sept,132
server,132
softwar,132
sore,132
violat,132
dang,131
enemi,131
eve,131
grad,131
ident,131
nativ,131
oppos,131
phoenix,131
sand,131
shown,131
spoke,131
stronger,131
tale,131
trash,131
unemploy,131
asset,130
clinic,130
cooper,130
dec,130
ghost,130
guarante,130
jimmi,130
muscl,130
nois,130
shadow,130
sxsw,130
captur,129
cowork,129
doesnt,129
doin,129
equip,129
instruct,129
mrs,129
pittsburgh,129
they’r,129
zombi,129
charm,128
deck,128
distribut,128
fals,128
massag,128
narrat,128
poster,128
ralli,128
sarah,128
snack,128
solv,128
tonit,128
adjust,127
allen,127
blogger,127
brooklyn,127
clue,127
colour,127
cure,127
demonstr,127
effici,127
endors,127
lab,127
legend,127
makeup,127
oct,127
purpl,127
recov,127
rescu,127
scale,127
sis,127
whoa,127
bbq,126
blend,126
constitut,126
declar,126
detect,126
hurri,126
las,126
monitor,126
prais,126
steak,126
uncl,126
batteri,125
calori,125
command,125
complaint,125
corp,125
cruis,125
disney,125
divers,125
freez,125
jacket,125
metal,125
rid,125
santorum,125
silenc,125
starbuck,125
thin,125
tower,125
weapon,125
whip,125
chain,124
complic,124
flyer,124
gig,124
gosh,124
ideal,124
memphi,124
outfit,124
parad,124
reaction,124
rent,124
sleepi,124
soldier,124
split,124
stomach,124
therefor,124
virginia,124
dust,123
forest,123
georgia,123
giveaway,123
roger,123
snap,123
teenag,123
toast,123
urban,123
urg,123
affair,122
banana,122
belt,122
bench,122
bust,122
captain,122
ensur,122
fave,122
fest,122
ford,122
greet,122
missouri,122
pilot,122
runner,122
scratch,122
surfac,122
wilson,122
won’t,122
airlin,121
bibl,121
cardin,121
chariti,121
chest,121
coupon,121
grey,121
havent,121
ingredi,121
kim,121
manufactur,121
patriot,121
punk,121
recoveri,121
relev,121
sushi,121
tone,121
assembl,120
bang,120
bonus,120
fed,120
franc,120
fundrais,120
marin,120
restor,120
stun,120
drag,119
fanci,119
farmer,119
flood,119
gang,119
graphic,119
hint,119
intend,119
mere,119
metro,119
minnesota,119
smash,119
titan,119
twist,119
acknowledg,118
brave,118
bush,118
coat,118
eagl,118
format,118
headach,118
matthew,118
olymp,118
overwhelm,118
phrase,118
preserv,118
raven,118
slap,118
academ,117
ami,117
aspect,117
auto,117
bronco,117
cowboy,117
dnt,117
edward,117
howard,117
jewish,117
lifetim,117
outdoor,117
rehears,117
resolut,117
silent,117
skype,117
timelin,117
ale,116
auction,116
billi,116
cabl,116
casino,116
deadlin,116
drum,116
fabric,116
gray,116
nake,116
pub,116
shade,116
tackl,116
volum,116
wire,116
aaron,115
abt,115
african,115
asshol,115
branch,115
crave,115
hike,115
mill,115
newest,115
oppon,115
peanut,115
philadelphia,115
pierc,115
pork,115
techniqu,115
unknown,115
venu,115
anger,114
bullshit,114
corn,114
deliveri,114
environment,114
extens,114
gross,114
puppi,114
religi,114
sox,114
tornado,114
virtual,114
vocal,114
ahh,113
bid,113
cathol,113
dancer,113
documentari,113
foster,113
hashtag,113
laundri,113
logo,113
oakland,113
phil,113
prioriti,113
qualifi,113
string,113
tht,113
celtic,112
clip,112
cycl,112
everytim,112
foul,112
german,112
lincoln,112
maker,112
pussi,112
rub,112
satisfi,112
tank,112
unusu,112
wound,112
analyst,111
boom,111
circumst,111
diamond,111
grass,111
netflix,111
orlean,111
piano,111
presidenti,111
rude,111
shore,111
stephen,111
sub,111
suicid,111
summit,111
thick,111
toe,111
ward,111
blake,110
destin,110
elev,110
harm,110
headlin,110
instrument,110
podcast,110
refresh,110
salari,110
spark,110
starter,110
threaten,110
toss,110
tribut,110
walmart,110
awe,109
compliment,109
creepi,109
disabl,109
dvd,109
furnitur,109
goodby,109
greek,109
japan,109
kit,109
mayo,109
moder,109
nov,109
pig,109
pin,109
polish,109
prospect,109
sweat,109
upload,109
alien,108
broadcast,108
buzz,108
calendar,108
charli,108
costum,108
essay,108
horror,108
lean,108
lineup,108
mode,108
raini,108
renew,108
suspend,108
therapi,108
tripl,108
awhil,107
bruce,107
ceremoni,107
convict,107
crown,107
hubbi,107
insist,107
melt,107
politician,107
script,107
treasur,107
vice,107
academi,106
accent,106
analysi,106
automat,106
blown,106
bobbi,106
borrow,106
bubbl,106
columbus,106
conscious,106
exclus,106
fade,106
loser,106
perman,106
pitcher,106
rebound,106
registr,106
routin,106
rumor,106
scholarship,106
stir,106
tweep,106
breweri,105
broadway,105
bum,105
cite,105
hahahaha,105
lisa,105
northern,105
oop,105
prior,105
rts,105
shave,105
slide,105
util,105
whitney,105
zero,105
arrang,104
blah,104
brief,104
bucket,104
bump,104
childhood,104
courag,104
dem,104
dip,104
highway,104
kindl,104
mate,104
nonprofit,104
photographi,104
relief,104
resort,104
sec,104
strawberri,104
thrown,104
attach,103
chuck,103
cmon,103
cough,103
duke,103
eastern,103
forum,103
israel,103
jon,103
negoti,103
plug,103
promo,103
prop,103
uniform,103
weigh,103
assess,102
audio,102
basi,102
convert,102
coordin,102
derbi,102
divorc,102
dough,102
examin,102
fifth,102
frequent,102
frozen,102
implement,102
mid,102
motion,102
occasion,102
ohh,102
pit,102
poetri,102
rocki,102
spiritu,102
trailer,102
amend,101
bounc,101
bunni,101
chosen,101
cub,101
hawk,101
hype,101
proof,101
pursu,101
sayin,101
showcas,101
slam,101
spice,101
veggi,101
admir,100
bitter,100
brandon,100
chili,100
descript,100
dot,100
electron,100
jerri,100
leap,100
longterm,100
lookin,100
rapper,100
sheriff,100
sin,100
struck,100
tee,100
upper,100
accident,99
admiss,99
aka,99
belli,99
conflict,99
dramat,99
hehe,99
innoc,99
lewi,99
nowher,99
pearl,99
she’s,99
skinni,99
slept,99
somewhat,99
temperatur,99
trap,99
advis,98
boil,98
clipper,98
disappear,98
exit,98
friendship,98
humbl,98
nightmar,98
sentiment,98
tasti,98
throat,98
thumb,98
vip,98
zoo,98
andi,97
atl,97
bass,97
bin,97
brick,97
counter,97
cow,97
devot,97
doll,97
franklin,97
legit,97
medium,97
mixtap,97
newark,97
pls,97
romanc,97
spill,97
steven,97
ted,97
adapt,96
antonio,96
beard,96
consider,96
dive,96
evalu,96
fallen,96
fold,96
miracl,96
mortgag,96
patti,96
pumpkin,96
stole,96
subway,96
tyler,96
abandon,95
abc,95
basket,95
bee,95
breast,95
heel,95
hunter,95
japanes,95
johnni,95
momma,95
monkey,95
nugget,95
pacif,95
palm,95
portion,95
quarterback,95
regardless,95
russel,95
scheme,95
sen,95
shes,95
stuf,95
vanilla,95
ventur,95
bio,94
blond,94
canadian,94
cherri,94
codi,94
corrupt,94
creek,94
dealer,94
desert,94
factori,94
fort,94
gari,94
grammi,94
greg,94
hes,94
jake,94
kati,94
liquid,94
permit,94
phillip,94
pinterest,94
precious,94
recept,94
reli,94
sausag,94
sock,94
wifi,94
capabl,93
divid,93
faculti,93
forgotten,93
garag,93
hawaii,93
iowa,93
isnt,93
lbs,93
offend,93
outstand,93
peak,93
what’s,93
afterward,92
aggress,92
barn,92
brad,92
certif,92
chillin,92
cinco,92
columbia,92
creep,92
disagre,92
geek,92
lawsuit,92
lectur,92
logic,92
mar,92
mentor,92
pancak,92
penalti,92
poem,92
principl,92
proverb,92
ross,92
sink,92
spain,92
sticker,92
storag,92
wander,92
whore,92
woot,92
anticip,91
bow,91
cab,91
earthquak,91
jessica,91
jose,91
meanwhil,91
minist,91
oak,91
oblig,91
outcom,91
pile,91
sharp,91
wade,91
carrot,90
closet,90
contemporari,90
conveni,90
distinct,90
dolphin,90
evan,90
expos,90
forecast,90
freakin,90
glee,90
india,90
injur,90
intrigu,90
nerv,90
patienc,90
ref,90
scout,90
signatur,90
steel,90
stolen,90
templ,90
valuabl,90
wore,90
alli,89
buffalo,89
concentr,89
context,89
drill,89
entrepreneur,89
interpret,89
landscap,89
marshal,89
marvel,89
nerd,89
pacer,89
passeng,89
pastor,89
spray,89
talkin,89
tumblr,89
vike,89
assault,88
aug,88
barack,88
bedroom,88
commission,88
discoveri,88
domest,88
ebook,88
elizabeth,88
flour,88
founder,88
fulfil,88
longest,88
merci,88
morgan,88
occas,88
oklahoma,88
patio,88
resolv,88
seal,88
spare,88
suprem,88
unabl,88
vampir,88
vintag,88
worship,88
accompani,87
acquir,87
ballot,87
begun,87
cbs,87
collaps,87
colleagu,87
conclus,87
denni,87
disgust,87
dislik,87
donut,87
garlic,87
generous,87
infect,87
joseph,87
juri,87
lawn,87
liberti,87
mount,87
muslim,87
pad,87
petit,87
pillow,87
ram,87
rockin,87
secretari,87
signal,87
sneak,87
soda,87
statist,87
vegan,87
worthi,87
agenda,86
buyer,86
champ,86
con,86
cuddl,86
enhanc,86
fenc,86
laid,86
navi,86
nuclear,86
preview,86
prompt,86
rail,86
rooki,86
scientist,86
shell,86
sketch,86
suspens,86
violent,86
whoever,86
actress,85
ala,85
ancient,85
aye,85
buri,85
colt,85
contractor,85
del,85
difficulti,85
disast,85
dodger,85
duh,85
dump,85
genr,85
hidden,85
homemad,85
illustr,85
luxuri,85
membership,85
moor,85
nbc,85
overnight,85
pandora,85
pasta,85
rage,85
reput,85
tongu,85
accur,84
allergi,84
barrel,84
bestfriend,84
bold,84
boost,84
brush,84
carpet,84
charlott,84
chart,84
conclud,84
couldn’t,84
divin,84
dragon,84
encount,84
germani,84
ginger,84
instanc,84
journalist,84
kate,84
knight,84
lap,84
lawmak,84
rachel,84
rite,84
sacrific,84
shark,84
shelter,84
sixth,84
squad,84
taxpay,84
temporari,84
unbeliev,84
vibe,84
chamber,83
classi,83
crawl,83
funniest,83
glori,83
gon,83
heavili,83
inner,83
jeremi,83
non,83
ooh,83
opera,83
password,83
penn,83
revers,83
salsa,83
stack,83
stewart,83
terrorist,83
tha,83
touchdown,83
troop,83
valid,83
“We,83
anderson,82
banner,82
blanket,82
charger,82
drake,82
driven,82
itali,82
jewelri,82
manner,82
mild,82
nearbi,82
nike,82
poker,82
porn,82
rapid,82
recreat,82
revolut,82
russian,82
sip,82
sunset,82
toilet,82
tweeter,82
unexpect,82
acr,81
afghanistan,81
bloodi,81
casual,81
curs,81
emili,81
goodi,81
hah,81
hangov,81
legislatur,81
matur,81
pee,81
poverti,81
rape,81
remot,81
terrif,81
vendor,81
warrior,81
anna,80
badger,80
chairman,80
column,80
crab,80
demo,80
freshman,80
fyi,80
gap,80
genuin,80
hail,80
jar,80
kyle,80
mahomi,80
mixtur,80
obtain,80
partnership,80
penni,80
port,80
pose,80
reliev,80
rental,80
romant,80
segment,80
spoon,80
survivor,80
batter,79
berri,79
boyz,79
cal,79
cart,79
charter,79
convo,79
deputi,79
hardest,79
hung,79
indoor,79
judgment,79
length,79
nhl,79
numer,79
orchestra,79
peyton,79
poop,79
resign,79
robin,79
simon,79
solar,79
subscrib,79
wasnt,79
wealth,79
alabama,78
centr,78
chemic,78
cole,78
drank,78
float,78
govt,78
jane,78
jew,78
lifestyl,78
lit,78
minimum,78
mlb,78
patron,78
permiss,78
powder,78
punish,78
recess,78
sake,78
scholar,78
sean,78
sincer,78
strateg,78
streak,78
trainer,78
whoop,78
wipe,78
aunt,77
confess,77
contrast,77
controversi,77
craig,77
dawn,77
depth,77
gentl,77
islam,77
kingdom,77
meter,77
microsoft,77
privileg,77
robot,77
roman,77
salon,77
shuttl,77
simpson,77
sooner,77
sweep,77
swift,77
thur,77
understood,77
amus,76
atlant,76
australia,76
beg,76
beta,76
bradi,76
brook,76
disciplin,76
drawn,76
eas,76
elit,76
ethic,76
explos,76
forth,76
franchis,76
ham,76
harsh,76
haunt,76
horn,76
household,76
leftov,76
loop,76
louisvill,76
mash,76
ministri,76
mvp,76
phase,76
pill,76
precis,76
pregnanc,76
rack,76
rant,76
rib,76
roommat,76
salmon,76
tablet,76
tampa,76
temp,76
thompson,76
vancouv,76
vast,76
we’v,76
you’ll,76
architectur,75
authent,75
avi,75
carlo,75
carter,75
ceil,75
chi,75
cincinnati,75
comeback,75
creatur,75
crystal,75
dam,75
danni,75
eager,75
elementari,75
etern,75
fighter,75
homer,75
jennif,75
let’s,75
mic,75
minneapoli,75
nephew,75
sacramento,75
shrimp,75
submiss,75
tremend,75
tube,75
umm,75
wage,75
worldwid,75
atmospher,74
beverag,74
clinton,74
disturb,74
enabl,74
fab,74
fever,74
hudson,74
insert,74
jonathan,74
leak,74
lobbi,74
lotteri,74
luke,74
okc,74
purs,74
skate,74
skirt,74
soak,74
softbal,74
spoken,74
squeez,74
tempt,74
tenni,74
terri,74
terror,74
tragedi,74
viewer,74
wolf,74
bleed,73
elig,73
endless,73
gordon,73
headphon,73
heritag,73
jerk,73
larri,73
latin,73
med,73
michell,73
mint,73
popcorn,73
robinson,73
ski,73
symbol,73
testifi,73
wouldn’t,73
wrestl,73
blackberri,72
bruh,72
butterfli,72
champagn,72
choke,72
clever,72
climat,72
consecut,72
consequ,72
devast,72
dialogu,72
eaten,72
excess,72
favourit,72
fewer,72
funer,72
gunna,72
hamilton,72
hammer,72
jess,72
liquor,72
mechan,72
overcom,72
pleasant,72
privaci,72
restrict,72
scoop,72
sole,72
superbowl,72
thread,72
vers,72
albert,71
autism,71
avatar,71
await,71
balloon,71
bride,71
deficit,71
empir,71
enterpris,71
expo,71
glove,71
gut,71
hay,71
oomf,71
poison,71
sector,71
sour,71
southwest,71
stitch,71
tail,71
teammat,71
terrifi,71
thorough,71
utter,71
victoria,71
waffl,71
ace,70
acid,70
aha,70
barbara,70
bracket,70
broad,70
candl,70
catalog,70
cigarett,70
coke,70
combo,70
compos,70
deeper,70
diabet,70
elder,70
formal,70
frost,70
glow,70
jefferson,70
lend,70
mask,70
narrow,70
nelson,70
nonsens,70
nowplay,70
orient,70
pal,70
patent,70
scenario,70
seminar,70
shitti,70
slave,70
specialist,70
steadi,70
txt,70
wick,70
yike,70
you’v,70
activist,69
anonym,69
anxieti,69
backward,69
belieb,69
blank,69
brutal,69
clown,69
collin,69
combat,69
darn,69
fate,69
firefight,69
fiscal,69
haircut,69
healthcar,69
holder,69
insult,69
jacob,69
legaci,69
oriol,69
provis,69
roy,69
tribe,69
trivia,69
virgin,69
vodka,69
webinar,69
whiskey,69
angl,68
assur,68
commut,68
compens,68
disput,68
drain,68
dynam,68
fought,68
gem,68
gingrich,68
indianapoli,68
irrit,68
makin,68
maria,68
nanci,68
neat,68
premium,68
princess,68
prosper,68
quest,68
radic,68
riot,68
sang,68
soap,68
stab,68
startup,68
steeler,68
termin,68
tourney,68
woohoo,68
wreck,68
yahoo,68
alan,67
barri,67
bash,67
brace,67
cameron,67
capitol,67
castl,67
christoph,67
clutch,67
comin,67
deepli,67
democraci,67
dentist,67
dirt,67
dis,67
dismiss,67
dread,67
dunk,67
eddi,67
elsewher,67
entranc,67
explod,67
firework,67
flexibl,67
goat,67
hometown,67
hoop,67
iran,67
knife,67
lamb,67
laura,67
lick,67
mph,67
newt,67
pac,67
parker,67
peer,67
pronounc,67
puzzl,67
racist,67
reunion,67
ribbon,67
scan,67
slot,67
sweeti,67
tab,67
tender,67
tick,67
vari,67
xbox,67
“You,67
ankl,66
basement,66
bureau,66
counsel,66
databas,66
doe,66
domain,66
flew,66
gender,66
gene,66
gospel,66
grandmoth,66
grape,66
halftim,66
harbor,66
incorpor,66
kennedi,66
kitti,66
lung,66
marijuana,66
motor,66
nate,66
nutrit,66
philosophi,66
pickl,66
potter,66
procedur,66
rainbow,66
recycl,66
remix,66
retain,66
rival,66
seventh,66
sidewalk,66
sprinkl,66
stake,66
textur,66
tourist,66
vid,66
vital,66
yolo,66
“It’s,66
artwork,65
behalf,65
burrito,65
coconut,65
cutest,65
dale,65
diari,65
est,65
fairi,65
flop,65
gallon,65
grave,65
griffin,65
gum,65
hipster,65
hitter,65
ireland,65
junk,65
leas,65
lolol,65
minus,65
ranch,65
rocket,65
shed,65
shi,65
slut,65
toler,65
tortur,65
township,65
vet,65
visibl,65
wherev,65
britain,64
bullet,64
butler,64
cali,64
capac,64
chao,64
dean,64
deposit,64
donald,64
dylan,64
exceed,64
flame,64
justifi,64
mutual,64
naw,64
necessarili,64
ouch,64
pdx,64
princip,64
react,64
realis,64
scandal,64
smartphon,64
soil,64
sophomor,64
spici,64
stair,64
toll,64
torn,64
transpar,64
willi,64
wooden,64
worn,64
backup,63
baker,63
bryan,63
burst,63
choir,63
cinnamon,63
commerc,63
comparison,63
creator,63
curl,63
default,63
elbow,63
finna,63
fist,63
giggl,63
globe,63
glorious,63
harvest,63
index,63
internship,63
intro,63
ish,63
karen,63
latter,63
mainten,63
manhattan,63
msg,63
nothin,63
omfg,63
optimist,63
pale,63
peel,63
percentag,63
pete,63
plead,63
portrait,63
pre,63
priest,63
sail,63
snake,63
superior,63
teas,63
tennesse,63
vinyl,63
volleybal,63
zimmerman,63
bankruptci,62
blew,62
certifi,62
chronicl,62
countdown,62
enrol,62
esp,62
exposur,62
filmmak,62
flick,62
gps,62
herb,62
hottest,62
hun,62
hustl,62
interior,62
luckili,62
morrow,62
obes,62
ordinari,62
pension,62
preach,62
procrastin,62
rat,62
ridg,62
sensit,62
sew,62
stalk,62
surf,62
syrup,62
taxi,62
testimoni,62
tgif,62
todd,62
towel,62
trim,62
turtl,62
warrant,62
wizard,62
abort,61
absenc,61
alley,61
amp,61
bros,61
coin,61
compromis,61
copyright,61
distress,61
economist,61
endur,61
freddi,61
grove,61
happili,61
hump,61
inevit,61
isol,61
jelli,61
jen,61
laden,61
lax,61
layout,61
liar,61
lovin,61
nationwid,61
navig,61
neglect,61
outlin,61
panic,61
pea,61
playlist,61
poke,61
psych,61
ralph,61
rotat,61
sleev,61
somethin,61
sought,61
spi,61
sweater,61
tue,61
alumni,60
anchor,60
aren’t,60
bargain,60
beasti,60
belov,60
boob,60
browni,60
crappi,60
eleg,60
gal,60
hella,60
here’s,60
inbox,60
korea,60
lightn,60
literari,60
mous,60
myspac,60
oldest,60
oral,60
patch,60
pathet,60
percept,60
protein,60
relay,60
upstair,60
wen,60
whisper,60
xmas,60
“It,60
abroad,59
analyz,59
asham,59
aspir,59
backyard,59
bark,59
blunt,59
braun,59
cage,59
cheaper,59
chew,59
cloudi,59
compel,59
concret,59
contend,59
disord,59
dunno,59
formula,59
fraud,59
gaga,59
goodmorn,59
handsom,59
harper,59
haven’t,59
holli,59
hugh,59
inn,59
interrupt,59
ipa,59
keyboard,59
len,59
mat,59
memor,59
mil,59
mke,59
nest,59
nicki,59
noodl,59
notion,59
randi,59
susan,59
thirsti,59
abund,58
alter,58
approxim,58
bartend,58
bicycl,58
burden,58
carl,58
cartoon,58
cater,58
chant,58
coincid,58
com,58
cooler,58
correspond,58
cuti,58
destini,58
disrupt,58
donor,58
fare,58
grain,58
helmet,58
instructor,58
intellectu,58
jami,58
ken,58
kudo,58
lawrenc,58
legendari,58
medit,58
midwest,58
motorcycl,58
niec,58
oprah,58
oyster,58
paus,58
pledg,58
prosecut,58
realist,58
retreat,58
revis,58
specul,58
spoil,58
thanx,58
affili,57
ali,57
allianc,57
breez,57
bummer,57
clay,57
dash,57
eleph,57
expir,57
garbag,57
iraq,57
kay,57
keynot,57
liam,57
martini,57
mighti,57
mitchel,57
mug,57
municip,57
outlet,57
outrag,57
paradis,57
peach,57
personnel,57
phenomen,57
pine,57
poet,57
prof,57
rec,57
resembl,57
span,57
sprint,57
stain,57
substanc,57
swap,57
territori,57
uncomfort,57
unhappi,57
almond,56
apt,56
badass,56
bail,56
beneath,56
betti,56
bias,56
blvd,56
bruno,56
congression,56
dictat,56
ego,56
elli,56
empow,56
extent,56
fatal,56
feat,56
flaw,56
god’s,56
grip,56
halfway,56
happier,56
hart,56
lauren,56
lemm,56
longtim,56
mason,56
minim,56
mushroom,56
overtim,56
peek,56
porch,56
prostitut,56
proven,56
refriger,56
reopen,56
revel,56
reveng,56
rider,56
smack,56
stumbl,56
sue,56
surrend,56
thrive,56
tunnel,56
vegetarian,56
wireless,56
yield,56
yogurt,56
alongsid,55
anxious,55
ashley,55
brag,55
cereal,55
chelsea,55
circuit,55
closest,55
commenc,55
compon,55
confront,55
crucial,55
entitl,55
evolv,55
fucker,55
fundament,55
hash,55
headquart,55
holla,55
invis,55
latino,55
lime,55
loyal,55
mob,55
nathan,55
ninja,55
nobl,55
obstacl,55
ounc,55
patrol,55
pennsylvania,55
pickup,55
reliabl,55
rondo,55
salut,55
scrambl,55
settlement,55
sheep,55
soundtrack,55
spit,55
squash,55
strain,55
swell,55
throne,55
toyota,55
twenti,55
underground,55
vow,55
wheat,55
wright,55
youu,55
accessori,54
agricultur,54
ambassador,54
bailey,54
bend,54
blush,54
briefli,54
caffein,54
cape,54
competitor,54
contempl,54
crop,54
delta,54
dept,54
diner,54
disrespect,54
ditto,54
doug,54
euro,54
explan,54
fisher,54
fml,54
fog,54
hahahah,54
handi,54
henc,54
hesit,54
joshua,54
karaok,54
margarita,54
mario,54
mayweath,54
meyer,54
mon,54
niall,54
optim,54
penguin,54
pole,54
pud,54
ratio,54
refund,54
richmond,54
scrap,54
shelf,54
shini,54
spectacular,54
strict,54
symptom,54
tent,54
turner,54
wax,54
wendi,54
wrist,54
ach,53
ash,53
bagel,53
bella,53
bra,53
cheek,53
couldnt,53
cramp,53
crisp,53
donna,53
floyd,53
fridg,53
gen,53
ghetto,53
impos,53
lodg,53
mainstream,53
marc,53
margin,53
opt,53
pointless,53
republ,53
rhythm,53
rome,53
stanley,53
starv,53
substitut,53
supervisor,53
swallow,53
tavern,53
tommi,53
twelv,53
wealthi,53
whistl,53
wildlif,53
ahaha,52
arab,52
autograph,52
beatl,52
cds,52
chipotl,52
clap,52
coalit,52
crunch,52
cum,52
decreas,52
deliber,52
dev,52
enorm,52
enthusiast,52
exclud,52
filter,52
fred,52
highland,52
hiphop,52
hoodi,52
knit,52
mesa,52
nicol,52
occup,52
ole,52
org,52
pipe,52
portray,52
prohibit,52
promin,52
psycholog,52
racial,52
replay,52
resurrect,52
rope,52
rug,52
rural,52
speci,52
spike,52
spokeswoman,52
thee,52
tryin,52
virus,52
warren,52
welfar,52
whale,52
whew,52
withdraw,52
acoust,51
batch,51
blink,51
brazil,51
cabinet,51
cain,51
caramel,51
carol,51
cave,51
cliff,51
dame,51
dental,51
disc,51
discourag,51
egypt,51
fork,51
gala,51
gambl,51
gmail,51
grandpar,51
grizzli,51
hoo,51
hurrican,51
ian,51
joel,51
laughter,51
linkedin,51
literatur,51
lobster,51
manual,51
marker,51
martha,51
miser,51
monument,51
ongo,51
pinch,51
pint,51
portfolio,51
prescript,51
pursuit,51
roster,51
seau,51
sequenc,51
shorter,51
steam,51
teaspoon,51
tooth,51
tribun,51
trigger,51
tub,51
turnout,51
usc,51
watchin,51
woah,51
alaska,50
ant,50
attende,50
behav,50
biolog,50
bloom,50
booz,50
bynum,50
cabin,50
chile,50
curri,50
cus,50
diaper,50
ditch,50
echo,50
eighth,50
eli,50
ellen,50
fart,50
fiber,50
fierc,50
fountain,50
franci,50
haiti,50
hub,50
impli,50
irrelev,50
keith,50
northwest,50
owl,50
renov,50
retard,50
rev,50
ricki,50
russia,50
sara,50
scriptur,50
sneez,50
spa,50
spider,50
stroke,50
tactic,50
theft,50
thnx,50
andr,49
badg,49
beam,49
benjamin,49
bryant,49
bulk,49
casey,49
checkout,49
coal,49
courtesi,49
darl,49
derek,49
destruct,49
dime,49
djs,49
eras,49
feather,49
footag,49
frog,49
grandpa,49
guidelin,49
kurt,49
latt,49
leaf,49
leather,49
lesbian,49
levi,49
linda,49
locker,49
lowest,49
luca,49
luci,49
marcus,49
megan,49
myth,49
outing,49
palac,49
pastri,49
picnic,49
radar,49
rbi,49
reelect,49
rhyme,49
scatter,49
sculptur,49
sonic,49
stanford,49
stapl,49
stink,49
storytel,49
stripper,49
subsequ,49
sweetheart,49
tart,49
tension,49
trio,49
troy,49
underwear,49
unfair,49
unlimit,49
unnecessari,49
usher,49
verifi,49
vine,49
vitamin,49
amanda,48
appet,48
attribut,48
bachelor,48
chandler,48
chemistri,48
chilli,48
cnn,48
compil,48
cracker,48
creami,48
curat,48
dice,48
equival,48
evolut,48
feelin,48
graham,48
gratitud,48
hybrid,48
incent,48
infrastructur,48
insecur,48
kitten,48
lace,48
lamp,48
legitim,48
mahon,48
mandat,48
mav,48
mum,48
murphi,48
nascar,48
nun,48
passag,48
pioneer,48
priceless,48
psalm,48
puck,48
riley,48
rod,48
roller,48
sack,48
syndrom,48
tequila,48
thug,48
tragic,48
travi,48
trenton,48
useless,48
vincent,48
we’ll,48
wordpress,48
youngest,48
alik,47
analyt,47
antiqu,47
architect,47
asia,47
beaten,47
bff,47
billboard,47
bing,47
bruin,47
calcul,47
cam,47
cope,47
coyot,47
dairi,47
deleg,47
depict,47
diff,47
dull,47
emma,47
emphas,47
espresso,47
expans,47
facial,47
flesh,47
fond,47
fudg,47
galaxi,47
gossip,47
grammar,47
greec,47
hangout,47
jenni,47
karma,47
klout,47
korean,47
les,47
mango,47
mega,47
mtv,47
newslett,47
parkway,47
perfum,47
playin,47
plaza,47
quilt,47
rear,47
remedi,47
samuel,47
scientif,47
selfish,47
seller,47
sensat,47
sixer,47
stall,47
sticki,47
stripe,47
supplement,47
syracus,47
thunderstorm,47
trophi,47
tutori,47
twilight,47
utah,47
verizon,47
vineyard,47
wallac,47
wee,47
accommod,46
amber,46
amid,46
australian,46
bakeri,46
bosh,46
cav,46
delic,46
dms,46
dose,46
envi,46
export,46
groom,46
guilt,46
helen,46
humid,46
inquiri,46
intimid,46
julia,46
keen,46
lynn,46
mccoy,46
monica,46
muffin,46
nat,46
neutral,46
ninth,46
nola,46
oppress,46
porter,46
rabbit,46
ration,46
rebel,46
recognit,46
scope,46
seafood,46
shane,46
shelv,46
shield,46
sibl,46
silk,46
specialti,46
spotlight,46
stout,46
tin,46
tmrw,46
toronto,46
traci,46
treasuri,46
unlock,46
vest,46
walter,46
weav,46
wouldnt,46
afghan,45
ambit,45
arthur,45
besti,45
biscuit,45
bliss,45
booti,45
brotha,45
browser,45
buckey,45
bundl,45
coloni,45
cont,45
crumbl,45
cube,45
dammit,45
deer,45
diagnos,45
ebay,45
equiti,45
essenc,45
extraordinari,45
flirt,45
gradual,45
grandfath,45
guidanc,45
hardwar,45
ikr,45
input,45
inspect,45
ironi,45
jacki,45
joan,45
kiddo,45
medicar,45
nod,45
notif,45
organis,45
oversea,45
paperwork,45
predat,45
rad,45
rebuild,45
reduct,45
rhetor,45
roosevelt,45
sht,45
skeptic,45
spaghetti,45
steer,45
stem,45
superintend,45
suspici,45
tile,45
timber,45
today’s,45
trey,45
trillion,45
turnov,45
ucla,45
underway,45
verdict,45
wallet,45
“If,45
abq,44
abraham,44
admin,44
airplan,44
anni,44
anthem,44
arnold,44
bball,44
bizarr,44
boundari,44
bounti,44
closur,44
comprehens,44
condo,44
conf,44
coolest,44
cotton,44
cruz,44
curv,44
drown,44
fastest,44
finest,44
flu,44
foolish,44
frighten,44
geez,44
gentleman,44
glitter,44
grader,44
gravi,44
hahahahaha,44
hank,44
harmoni,44
harvard,44
introduct,44
kenni,44
literaci,44
manchest,44
massachusett,44
meantim,44
medal,44
meh,44
melissa,44
miner,44
molli,44
nomine,44
northeast,44
notebook,44
nowaday,44
pencil,44
pend,44
philosoph,44
postseason,44
pres,44
reviv,44
rim,44
salvat,44
sander,44
seth,44
smoothi,44
sober,44
symphoni,44
tablespoon,44
thi,44
vagina,44
victor,44
whilst,44
“What,44
“I’m,44
absorb,43
adel,43
bastard,43
batman,43
bennett,43
boulder,43
bullpen,43
carrol,43
carv,43
ceas,43
chorus,43
clair,43
compass,43
crow,43
demi,43
disclos,43
drummer,43
enthusiasm,43
ethnic,43
feast,43
flawless,43
fleet,43
followback,43
ftw,43
glenn,43
grasp,43
heartbreak,43
horizon,43
indulg,43
infant,43
infinit,43
kardashian,43
kong,43
labour,43
lib,43
lsu,43
madonna,43
magnet,43
manifest,43
maximum,43
mia,43
midst,43
mississippi,43
momentum,43
motto,43
mourn,43
mustach,43
noah,43
panda,43
partial,43
passport,43
pipelin,43
plea,43
raid,43
rodger,43
scottsdal,43
seiz,43
sharehold,43
soar,43
spotifi,43
stern,43
strive,43
suffici,43
superhero,43
superstar,43
sync,43
teamfollowback,43
thesi,43
trayvon,43
trek,43
trump,43
twit,43
url,43
vulner,43
waist,43
watson,43
whos,43
windi,43
wknd,43
workin,43
align,42
barcelona,42
belat,42
bishop,42
bookstor,42
boutiqu,42
bracelet,42
brake,42
brett,42
brows,42
canyon,42
christina,42
clariti,42
comcast,42
consumpt,42
custodi,42
daylight,42
dodg,42
dvr,42
enlighten,42
extern,42
gag,42
hamburg,42
hardcor,42
homeown,42
hooray,42
imo,42
instinct,42
intersect,42
iren,42
isra,42
juan,42
lou,42
loyalti,42
mane,42
meaning,42
metric,42
moron,42
natali,42
necklac,42
osu,42
overheard,42
overlook,42
paycheck,42
phd,42
pois,42
prank,42
rebecca,42
reed,42
sequel,42
sparkl,42
spontan,42
strand,42
stud,42
toddler,42
trace,42
tupac,42
umbrella,42
villain,42
warner,42
whine,42
wikipedia,42
yess,42
acceler,41
amateur,41
applaud,41
assassin,41
bewar,41
blade,41
bon,41
caller,41
campbel,41
carrier,41
census,41
circus,41
comfi,41
companion,41
cookbook,41
deaf,41
dock,41
doom,41
earring,41
erin,41
honesti,41
joey,41
juici,41
kasich,41
lemonad,41
leo,41
lin,41
liver,41
manipul,41
margaret,41
messi,41
mileston,41
mls,41
newli,41
ordin,41
persist,41
petti,41
planner,41
ponder,41
profess,41
programm,41
reunit,41
righteous,41
rio,41
rochest,41
sacr,41
satan,41
scotland,41
shred,41
slack,41
sloppi,41
socialist,41
statu,41
suburb,41
tat,41
trader,41
transact,41
tricki,41
tucson,41
tummi,41
upsid,41
ustream,41
vinegar,41
warp,41
zach,41
zip,41
advisori,40
ballet,40
bistro,40
blossom,40
bolt,40
brainstorm,40
bravo,40
buffet,40
calif,40
captiv,40
chad,40
civic,40
civilian,40
condemn,40
cone,40
cos,40
courtney,40
cricket,40
curb,40
den,40
duncan,40
envelop,40
facilit,40
fbi,40
forehead,40
freezer,40
fwd,40
georgetown,40
glue,40
guitarist,40
hopkin,40
interfer,40
jacksonvill,40
likewis,40
litter,40
marlin,40
metaphor,40
mock,40
morri,40
neil,40
nicknam,40
notr,40
oreo,40
paragraph,40
perceiv,40
pollut,40
postpon,40
preschool,40
quiz,40
reagan,40
roc,40
rubi,40
runway,40
rutger,40
sear,40
semifin,40
shrug,40
sidelin,40
songwrit,40
spectrum,40
spencer,40
spinach,40
stash,40
straw,40
sword,40
therapist,40
thinkin,40
treadmil,40
troll,40
usernam,40
von,40
wive,40
aboard,39
albuquerqu,39
alto,39
alum,39
api,39
ariana,39
bbc,39
bourbon,39
carpent,39
caution,39
cheddar,39
chrome,39
consensus,39
consol,39
credibl,39
culinari,39
distinguish,39
dutch,39
eleven,39
freelanc,39
glimps,39
gown,39
grief,39
groov,39
harvey,39
helicopt,39
heroin,39
inappropri,39
indict,39
inject,39
invas,39
leonard,39
miley,39
minaj,39
murray,39
neon,39
norm,39
notabl,39
outer,39
ownership,39
pajama,39
palin,39
panther,39
placement,39
pond,39
prolli,39
proport,39
quicker,39
raffl,39
raspberri,39
reel,39
reign,39
rivera,39
rsvp,39
setup,39
shakespear,39
shannon,39
shook,39
sim,39
skillet,39
snl,39
southeast,39
stan,39
stew,39
strengthen,39
substanti,39
subtl,39
thai,39
thigh,39
thou,39
tuition,39
typo,39
underestim,39
underneath,39
unveil,39
wedg,39
wink,39
yawn,39
“the,39
alexand,38
ambiti,38
aris,38
basil,38
bever,38
boulevard,38
brass,38
breed,38
bruis,38
chalk,38
chin,38
chrysler,38
chunk,38
cock,38
collar,38
commentari,38
conquer,38
cord,38
cray,38
cuisin,38
descend,38
douch,38
dublin,38
dumbass,38
dwight,38
dye,38
eachoth,38
extract,38
eyebrow,38
fertil,38
flavour,38
funk,38
gangsta,38
garcia,38
gibson,38
glanc,38
gram,38
greas,38
inclus,38
inflat,38
influenti,38
inventori,38
itch,38
jaw,38
layoff,38
lettuc,38
litig,38
llc,38
lopez,38
louisiana,38
madrid,38
mag,38
mapl,38
melodi,38
michel,38
modest,38
mormon,38
mortal,38
muse,38
mustard,38
nevada,38
newton,38
outlook,38
philip,38
piti,38
princeton,38
printer,38
que,38
raider,38
realm,38
rejoic,38
remodel,38
robberi,38
selena,38
shrink,38
simmer,38
soy,38
spoiler,38
sting,38
sucker,38
telephon,38
truste,38
warehous,38
warmer,38
weren’t,38
ba,38
absurd,37
acct,37
alic,37
amongst,37
arch,37
assert,37
aviat,37
babysit,37
barrier,37
carbon,37
cinema,37
circul,37
cleaner,37
coachella,37
colin,37
comp,37
crib,37
cue,37
curriculum,37
dakota,37
debbi,37
departur,37
deploy,37
direction,37
experiment,37
font,37
fulltim,37
funki,37
groupon,37
hannah,37
happiest,37
ideolog,37
interst,37
jumper,37
lighter,37
lynch,37
mca,37
midterm,37
overload,37
payn,37
ping,37
pitt,37
pun,37
reloc,37
render,37
rode,37
samsung,37
scent,37
shaw,37
simultan,37
siri,37
slick,37
sprout,37
stark,37
sup,37
swirl,37
symposium,37
templat,37
they’v,37
tortilla,37
transmiss,37
tuck,37
unrel,37
virtu,37
workplac,37
yank,37
abbey,36
abstract,36
allison,36
alpha,36
appetit,36
asparagus,36
beaver,36
beth,36
bloomberg,36
bradley,36
broker,36
buse,36
catcher,36
celeb,36
cofound,36
composit,36
dealt,36
demon,36
disclosur,36
disneyland,36
doggi,36
dougla,36
downstair,36
einstein,36
emerson,36
entiti,36
escal,36
eva,36
exec,36
flatter,36
fran,36
gentlemen,36
grit,36
gulf,36
handmad,36
harrison,36
hasn’t,36
hatr,36
hazard,36
heh,36
iceland,36
immens,36
implic,36
interfac,36
intim,36
jeffrey,36
judi,36
kidnap,36
killin,36
lamar,36
loll,36
manni,36
maverick,36
mediocr,36
meetup,36
mlk,36
modifi,36
mtg,36
olivia,36
payrol,36
perk,36
preorder,36
radiat,36
referr,36
refin,36
sanchez,36
secondari,36
shooter,36
slay,36
squirrel,36
steroid,36
stray,36
sydney,36
temporarili,36
thang,36
thrift,36
tow,36
vagu,36
vinc,36
vinni,36
witch,36
zoom,36
absent,35
andrea,35
appt,35
argentina,35
assumpt,35
avocado,35
awaken,35
backpack,35
bengal,35
betray,35
bikini,35
blair,35
brazilian,35
bun,35
cedar,35
cheerlead,35
chronic,35
clash,35
cleans,35
clone,35
collector,35
comm,35
concuss,35
contrari,35
corey,35
crumb,35
daisi,35
dana,35
dim,35
dinosaur,35
discipl,35
diva,35
dome,35
duo,35
elvi,35
eminem,35
faint,35
falcon,35
ferri,35
fifti,35
floral,35
freeway,35
fumbl,35
gaze,35
gee,35
gin,35
goos,35
gurl,35
guru,35
hobbi,35
homicid,35
inherit,35
intervent,35
intuit,35
jungl,35
knw,35
merger,35
mow,35
mud,35
nash,35
nom,35
outag,35
paso,35
pear,35
pineappl,35
poppin,35
powel,35
puerto,35
puke,35
puls,35
ratchet,35
redskin,35
repeal,35
rewrit,35
rhode,35
richardson,35
rudi,35
safer,35
satur,35
savag,35
seo,35
slash,35
slim,35
sneaker,35
sophist,35
spine,35
splash,35
stabl,35
surgeon,35
sweatshirt,35
talli,35
tenant,35
thevoic,35
toothbrush,35
tourism,35
twain,35
ufc,35
vaccin,35
versus,35
wig,35
wilder,35
wiz,35
world’s,35
“This,35
advisor,34
arc,34
arkansa,34
arsenal,34
atleast,34
autumn,34
bois,34
boxer,34
bueno,34
cellphon,34
chess,34
cholesterol,34
classifi,34
cocoa,34
compound,34
convey,34
coo,34
costa,34
counselor,34
craigslist,34
damon,34
dawg,34
delawar,34
deriv,34
derrick,34
dexter,34
dian,34
dimens,34
disco,34
dispatch,34
dow,34
dwell,34
easiest,34
elabor,34
foam,34
fractur,34
grandson,34
grid,34
haul,34
heyi,34
homeland,34
hooker,34
hurdl,34
illus,34
imperi,34
intercept,34
invad,34
kany,34
liner,34
linger,34
makeov,34
marilyn,34
mikey,34
mistaken,34
mural,34
nazi,34
notifi,34
oclock,34
omaha,34
orgasm,34
par,34
photoshop,34
polo,34
rave,34
redeem,34
redesign,34
rehab,34
reluct,34
reminisc,34
reson,34
sarcasm,34
scroll,34
semi,34
seren,34
servant,34
shove,34
skull,34
smarter,34
speedi,34
spite,34
steep,34
stfu,34
stroll,34
surg,34
swept,34
thingsaboutm,34
trait,34
tropic,34
tvs,34
unc,34
unreal,34
variat,34
wildcat,34
witti,34
aircraft,33
anaheim,33
apparel,33
array,33
barber,33
behaviour,33
bent,33
bernard,33
beyonc,33
blaze,33
bot,33
cargo,33
cocain,33
conspiraci,33
coop,33
councilman,33
crawford,33
crispi,33
critiqu,33
curios,33
cuyahoga,33
delish,33
dell,33
dial,33
driveway,33
earl,33
ensembl,33
exot,33
favr,33
fella,33
fluid,33
folder,33
foreclosur,33
fur,33
gateway,33
gator,33
glen,33
goali,33
granit,33
guardian,33
he’d,33
holland,33
honda,33
hong,33
housew,33
html,33
hulk,33
ignit,33
inconveni,33
jasmin,33
jayz,33
jewel,33
jog,33
judici,33
juror,33
lanc,33
lili,33
louder,33
lust,33
luther,33
madmen,33
matchup,33
mel,33
melo,33
merchandis,33
modul,33
moistur,33
monk,33
necess,33
offseason,33
palmer,33
perkin,33
pimp,33
preced,33
puff,33
pup,33
quantiti,33
realtor,33
regain,33
regim,33
represent,33
revisit,33
rihanna,33
rubber,33
scrape,33
shoulda,33
singapor,33
spong,33
stephani,33
summari,33
texan,33
tide,33
tit,33
tray,33
tweak,33
twittervers,33
unto,33
verbal,33
whatsoev,33
willing,33
worthwhil,33
yeast,33
you’d,33
zayn,33
acquisit,32
advers,32
africanamerican,32
aggrav,32
arent,32
arrow,32
autocorrect,32
bahaha,32
bandwagon,32
banker,32
brighter,32
burnt,32
characterist,32
claus,32
clayton,32
clerk,32
comedian,32
compact,32
cotto,32
cuban,32
cult,32
cur,32
deduct,32
deem,32
drift,32
dub,32
emphasi,32
eugen,32
exempt,32
feloni,32
foil,32
followfriday,32
framework,32
gasp,32
genet,32
giddi,32
gilbert,32
gluten,32
grin,32
hadn’t,32
harass,32
harden,32
hawaiian,32
helm,32
imperfect,32
ipo,32
jeez,32
judgement,32
leverag,32
lgbt,32
liz,32
lolz,32
luncheon,32
marbl,32
maxim,32
merg,32
moist,32
monro,32
mornin,32
nebraska,32
needless,32
nicest,32
nonstop,32
numb,32
overdu,32
pakistan,32
pave,32
photoshoot,32
pope,32
potus,32
presum,32
pretzel,32
proposit,32
pros,32
pujol,32
queri,32
reinforc,32
remak,32
retriev,32
rey,32
rockstar,32
royalti,32
salti,32
sandi,32
scottish,32
shadi,32
sheer,32
sheesh,32
soni,32
sooth,32
spous,32
stellar,32
strongest,32
subscript,32
sunglass,32
sunris,32
swedish,32
sympathi,32
tendenc,32
trauma,32
trilog,32
tsp,32
urself,32
webster,32
widow,32
wineri,32
yelp,32
abbi,31
advocaci,31
ambul,31
analog,31
angela,31
awsom,31
beep,31
beij,31
blackhawk,31
blueberri,31
braid,31
brit,31
bunt,31
carson,31
cavali,31
charleston,31
cherish,31
chore,31
coco,31
coma,31
complianc,31
cottag,31
countless,31
cruel,31
currenc,31
darker,31
deepest,31
desktop,31
dimora,31
dove,31
drunken,31
endeavor,31
finalist,31
fla,31
florenc,31
flush,31
foursquar,31
gasolin,31
gir,31
gloomi,31
goo,31
gotcha,31
gras,31
guild,31
havin,31
healthier,31
hotter,31
hum,31
iii,31
immun,31
inher,31
irv,31
jill,31
julian,31
junki,31
karl,31
kickstart,31
kristen,31
learner,31
leash,31
lindsay,31
logan,31
maggi,31
malcolm,31
malt,31
marquett,31
martinez,31
memo,31
mindset,31
mold,31
norri,31
oatmeal,31
parallel,31
parenthood,31
phenomenon,31
plung,31
polar,31
preliminari,31
profound,31
recipi,31
recit,31
rees,31
reggi,31
reid,31
restart,31
rever,31
sammi,31
satellit,31
saysomethin,31
shouldn’t,31
shuffl,31
simmon,31
slope,31
snatch,31
springfield,31
statewid,31
stiff,31
strap,31
syria,31
taker,31
tis,31
tokyo,31
tougher,31
tout,31
toxic,31
trunk,31
tuna,31
unicorn,31
upward,31
vista,31
vivid,31
wah,31
yer,31
alphabet,30
bald,30
biden,30
boast,30
boi,30
boredom,30
brighten,30
broccoli,30
builder,30
bulb,30
cabbag,30
cardio,30
cheesecak,30
clara,30
clarifi,30
cranberri,30
curti,30
dayd,30
dee,30
dispos,30
drawer,30
drought,30
drupal,30
edison,30
editori,30
equat,30
err,30
etsi,30
expertis,30
fenway,30
firstround,30
fitzgerald,30
flee,30
flock,30
fring,30
gestur,30
granni,30
hbo,30
hiatus,30
holm,30
hopeless,30
imaginari,30
inaugur,30
inclin,30
inmat,30
jare,30
jinx,30
kicker,30
kindergarten,30
lang,30
lash,30
lego,30
lifelong,30
lloyd,30
lololol,30
lui,30
madden,30
mccain,30
merch,30
mercuri,30
merit,30
microwav,30
milkshak,30
mitch,30
motherfuck,30
mute,30
norman,30
notch,30
nowd,30
nyt,30
pageant,30
parmesan,30
pike,30
premis,30
probat,30
proclaim,30
quinn,30
racism,30
rag,30
railroad,30
reckless,30
referenc,30
reread,30
rins,30
rodriguez,30
ronald,30
rtc,30
sandiego,30
serial,30
skool,30
sorrow,30
stalker,30
stevenson,30
stimul,30
stylist,30
subsidi,30
supper,30
supplier,30
swan,30
sweetest,30
temper,30
textbook,30
thirti,30
tilt,30
truffl,30
tumbl,30
tutor,30
viral,30
wack,30
waldo,30
watt,30
who’s,30
wut,30
“He,30
aisl,29
antibiot,29
archivist,29
aroma,29
autom,29
automak,29
baptist,29
biggi,29
bonni,29
caesar,29
canal,29
cane,29
castro,29
catherin,29
cemeteri,29
cena,29
chapel,29
cigar,29
clich,29
congressman,29
cozi,29
crafti,29
decept,29
defi,29
disconnect,29
distant,29
dmv,29
dryer,29
eek,29
emboss,29
entre,29
exploit,29
faux,29
fearless,29
fluffi,29
freeli,29
glutenfre,29
goddamn,29
gomez,29
herman,29
he’ll,29
highschool,29
historian,29
horni,29
ing,29
inhal,29
inquir,29
insomnia,29
intl,29
ivi,29
janet,29
jenkin,29
katniss,29
kent,29
knot,29
kris,29
ladder,29
lag,29
lesli,29
lesser,29
lexington,29
liabil,29
lid,29
lmaoo,29
lockout,29
magnific,29
mann,29
marina,29
marion,29
masterpiec,29
maya,29
meadow,29
microphon,29
millionair,29
mindless,29
mma,29
moos,29
mound,29
muppet,29
neversaynev,29
nicer,29
nich,29
nook,29
npr,29
one’s,29
oxygen,29
padr,29
pbs,29
pdt,29
pedestrian,29
people’s,29
perez,29
physician,29
pierr,29
playground,29
preseason,29
prevail,29
primarili,29
probe,29
prophet,29
ramen,29
ramp,29
regga,29
rendit,29
resent,29
risen,29
riski,29
rollin,29
rooftop,29
rosemari,29
rosi,29
sag,29
saudi,29
scam,29
scar,29
scifi,29
sensibl,29
sermon,29
sheen,29
silicon,29
siren,29
slower,29
socialmedia,29
sofa,29
soften,29
soviet,29
spongebob,29
stabil,29
sterl,29
supermarket,29
suspicion,29
teresa,29
trademark,29
trent,29
tsunami,29
unaccept,29
urgent,29
usag,29
velvet,29
victorian,29
wholesal,29
workforc,29
worm,29
wwe,29
year’s,29
 just,29
“When,29
acquaint,28
alicia,28
alma,28
ari,28
arrog,28
atm,28
barbecu,28
barrett,28
bbi,28
bingo,28
bree,28
bronx,28
bronz,28
canon,28
caribbean,28
carniv,28
chic,28
childish,28
clam,28
coaster,28
collis,28
communist,28
concess,28
confin,28
continent,28
crank,28
crust,28
curtain,28
cuse,28
deport,28
diablo,28
dna,28
donovan,28
dreamer,28
droid,28
dwts,28
enact,28
endang,28
evacu,28
fargo,28
fck,28
ferment,28
fiesta,28
forti,28
fragment,28
fullest,28
gabriel,28
gimm,28
gourmet,28
gregori,28
heather,28
heheh,28
hilton,28
hippi,28
hispan,28
homosexu,28
hypocrit,28
idaho,28
infus,28
isaiah,28
jackpot,28
jaguar,28
juvenil,28
lotion,28
manuscript,28
marketplac,28
marti,28
mcmillan,28
meatbal,28
mee,28
memoir,28
mickey,28
mislead,28
montana,28
mosquito,28
neal,28
nevermind,28
nichola,28
obscur,28
omega,28
orphan,28
osama,28
overse,28
paterno,28
peni,28
pepsi,28
pinot,28
poe,28
pointer,28
pong,28
postcard,28
potti,28
punt,28
raisin,28
redempt,28
residenti,28
rum,28
sandra,28
sane,28
scotti,28
seldom,28
shack,28
sittin,28
skateboard,28
slaughter,28
smiley,28
sorta,28
spiral,28
state’s,28
stereo,28
suburban,28
sweati,28
tbh,28
tnt,28
tote,28
tribal,28
triumph,28
turf,28
unanim,28
uncertainti,28
uncov,28
vacuum,28
vent,28
walnut,28
whisk,28
wrath,28
wth,28
abound,27
acl,27
anatomi,27
angi,27
articul,27
attn,27
aunti,27
baron,27
belgian,27
bind,27
bipolar,27
birdi,27
bomber,27
bryce,27
buddha,27
cannon,27
cano,27
canva,27
chatter,27
chevi,27
churchil,27
cluster,27
coastal,27
cohen,27
collab,27
commemor,27
conductor,27
crayon,27
crude,27
cucumb,27
dayton,27
dens,27
digniti,27
diplomat,27
discrimin,27
drip,27
drool,27
eclips,27
envis,27
fellowship,27
flickr,27
forg,27
forreal,27
gracious,27
hallway,27
harlem,27
haven,27
hedg,27
holocaust,27
hologram,27
hoosier,27
hoot,27
ion,27
jamaican,27
joyc,27
keyword,27
kickoff,27
kirk,27
koolaid,27
lament,27
laser,27
lefthand,27
lender,27
lineback,27
lite,27
livin,27
login,27
mardi,27
meow,27
migrat,27
mimosa,27
mixer,27
montgomeri,27
motel,27
nearest,27
newborn,27
noir,27
nonetheless,27
nye,27
oversight,27
perpetu,27
pix,27
plagu,27
platinum,27
portug,27
puppet,27
raleigh,27
raymond,27
reimburs,27
revamp,27
rig,27
roundtabl,27
runnin,27
sailor,27
salli,27
satisfact,27
scallop,27
scanner,27
sensor,27
sharon,27
sherman,27
shopper,27
simplic,27
slate,27
slaveri,27
sneaki,27
sob,27
speechless,27
sponsorship,27
spree,27
squarefoot,27
staci,27
sung,27
teaser,27
thiev,27
tyson,27
unclear,27
uniti,27
unsuccess,27
vessel,27
violin,27
vocabulari,27
void,27
vol,27
wassup,27
weep,27
wesley,27
“In,27
“They,27
affirm,26
albeit,26
allerg,26
applianc,26
arlington,26
auburn,26
axe,26
bailout,26
ballpark,26
barkley,26
baylor,26
bead,26
beginn,26
bipartisan,26
bookmark,26
bridesmaid,26
brodi,26
bulldog,26
carb,26
carolin,26
cathi,26
cheesi,26
citat,26
claw,26
condom,26
connecticut,26
contin,26
copper,26
cori,26
coron,26
cps,26
des,26
diminish,26
diy,26
dork,26
dorothi,26
duet,26
dunkin,26
earliest,26
edu,26
essex,26
evangel,26
farewel,26
flake,26
floss,26
freaki,26
frown,26
fuller,26
gavin,26
geograph,26
getaway,26
glaze,26
golfer,26
gypsi,26
har,26
harold,26
hav,26
henderson,26
hillari,26
hostil,26
hydrat,26
illumin,26
incept,26
inconsist,26
intak,26
java,26
jfk,26
jona,26
kane,26
keller,26
kerri,26
kroger,26
kush,26
lengthi,26
lookout,26
maci,26
marley,26
mattress,26
mich,26
miguel,26
miniatur,26
mms,26
mother’s,26
mystic,26
nacho,26
napa,26
naughti,26
nerdi,26
nevertheless,26
nightclub,26
nutella,26
offlin,26
onetim,26
outreach,26
oxford,26
packet,26
painter,26
papa,26
parliament,26
parttim,26
paw,26
persuad,26
pharmaci,26
pier,26
queue,26
quirki,26
ramirez,26
realtim,26
receipt,26
refere,26
robertson,26
ruler,26
sac,26
shallow,26
shelbi,26
shortag,26
shorti,26
sissi,26
sniff,26
stubborn,26
sunlight,26
suv,26
takeov,26
theatric,26
theyr,26
thor,26
tiffani,26
timed,26
timothi,26
tommorow,26
traffick,26
transcript,26
treati,26
trevor,26
trickl,26
triniti,26
twitch,26
uhh,26
uncondit,26
undermin,26
unfold,26
valeri,26
vibrant,26
voicemail,26
wardrob,26
weirdo,26
whack,26
wider,26
wrigley,26
yah,26
yur,26
“No,26
aesthet,25
akron,25
alexi,25
ana,25
apollo,25
appal,25
armor,25
attic,25
bachelorett,25
bacteria,25
baldwin,25
becki,25
behold,25
belgium,25
birmingham,25
bobcat,25
breezi,25
broader,25
butcher,25
cach,25
caption,25
carnegi,25
catastroph,25
cha,25
chen,25
chirp,25
cia,25
cindi,25
citizenship,25
complement,25
complimentari,25
compris,25
conceiv,25
congreg,25
contamin,25
costco,25
courthous,25
courtroom,25
cring,25
dane,25
dilig,25
discard,25
discharg,25
disk,25
donkey,25
dre,25
drinker,25
dummi,25
dunn,25
egyptian,25
elk,25
errand,25
erupt,25
exagger,25
feminist,25
flea,25
flourish,25
freestyl,25
frequenc,25
frm,25
furri,25
fuzzi,25
gadget,25
gandhi,25
generic,25
goddess,25
goodwil,25
gore,25
graviti,25
gucci,25
habitat,25
hampshir,25
hernandez,25
hitler,25
hollow,25
hugo,25
iam,25
ili,25
immatur,25
incompet,25
incorrect,25
infam,25
intox,25
isaac,25
isl,25
keg,25
lighten,25
lilli,25
lori,25
lotta,25
macbook,25
mandatori,25
marco,25
mccarthi,25
metta,25
micro,25
myer,25
nato,25
needa,25
needl,25
niggaz,25
nonfict,25
orbit,25
outlaw,25
output,25
ovat,25
pasti,25
paula,25
phew,25
poni,25
preheat,25
processor,25
pts,25
quartet,25
recap,25
reno,25
revolutionari,25
revolv,25
reynold,25
richer,25
ritual,25
robbi,25
russo,25
scotch,25
sesam,25
shutter,25
sprain,25
startl,25
static,25
suitcas,25
sullivan,25
superb,25
supernatur,25
tack,25
teddi,25
thailand,25
thriller,25
tier,25
tissu,25
token,25
tori,25
torr,25
trooper,25
tucker,25
underr,25
unifi,25
unleash,25
unpredict,25
vacant,25
varsiti,25
vein,25
versatil,25
viabl,25
vibrat,25
wagner,25
wale,25
walt,25
waterfront,25
wbu,25
wifey,25
wks,25
woodi,25
yee,25
yorker,25
 one,25
abdc,24
aloud,24
arbor,24
artest,24
astound,24
atop,24
baton,24
beckham,24
berlin,24
bland,24
blender,24
blizzard,24
breakdown,24
brent,24
bubba,24
burton,24
capitalist,24
cardboard,24
carey,24
catchi,24
centenni,24
chaotic,24
charit,24
cheater,24
cheeseburg,24
chuckl,24
city’s,24
cleanup,24
cod,24
columnist,24
confidenti,24
contradict,24
corni,24
cougar,24
counterpart,24
cultiv,24
cutler,24
daytona,24
deli,24
denis,24
dictionari,24
diss,24
distort,24
doo,24
dreamt,24
dropbox,24
dubstep,24
dug,24
durat,24
elliot,24
emiss,24
energ,24
escort,24
exp,24
franco,24
frantic,24
garment,24
gasol,24
genesi,24
gonzalez,24
grandchildren,24
halt,24
hardi,24
haze,24
headband,24
hectic,24
hott,24
humili,24
ikea,24
immers,24
impair,24
inabl,24
induc,24
infring,24
inspector,24
interim,24
jamaica,24
kemp,24
kendal,24
lent,24
limbaugh,24
luggag,24
marshmallow,24
mart,24
marvin,24
mauric,24
meaningless,24
menac,24
mermaid,24
metropolitan,24
miseri,24
mister,24
mizzou,24
morrison,24
mos,24
mummi,24
napoleon,24
nasa,24
noisi,24
nolan,24
nova,24
obnoxi,24
overhaul,24
owen,24
palo,24
pavilion,24
pilat,24
plank,24
platter,24
pod,24
psychic,24
quad,24
rash,24
razor,24
refug,24
regulatori,24
repetit,24
restless,24
rivalri,24
roar,24
rogu,24
rusti,24
sandal,24
sarcast,24
scrapbook,24
scrutini,24
sgt,24
shaker,24
shepherd,24
shotgun,24
shouldnt,24
shovel,24
shyt,24
sierra,24
simplifi,24
slogan,24
smokin,24
sophi,24
sri,24
stanc,24
stevi,24
stove,24
stunt,24
subsid,24
superman,24
supervis,24
suppress,24
surpass,24
tammi,24
tango,24
tentat,24
tenur,24
triangl,24
tsa,24
tweetdeck,24
twinkl,24
ughh,24
unpack,24
unwant,24
vanish,24
venic,24
verg,24
vigil,24
violet,24
volcano,24
warmth,24
wellknown,24
welp,24
willow,24
women’s,24
woulda,24
yarn,24
yauch,24
accumul,23
adher,23
administ,23
adrian,23
advent,23
aight,23
annapoli,23
apocalyps,23
armstrong,23
attain,23
avon,23
banquet,23
barbi,23
bcs,23
beet,23
bein,23
berkeley,23
bittersweet,23
bmore,23
breach,23
breakthrough,23
britney,23
brussel,23
buddhist,23
caucus,23
cautious,23
cement,23
chloe,23
cognit,23
commod,23
condens,23
contracept,23
correl,23
crippl,23
criteria,23
cuba,23
cuss,23
cynic,23
deed,23
denial,23
depot,23
detain,23
digest,23
dirk,23
dishwash,23
dogg,23
dvds,23
eclect,23
eject,23
eleanor,23
elector,23
elena,23
elf,23
encor,23
evict,23
fanni,23
fatti,23
fled,23
fletcher,23
flynn,23
fridayread,23
furious,23
gah,23
gaug,23
gerald,23
glare,23
granola,23
greed,23
greedi,23
greyhound,23
herald,23
hittin,23
hiv,23
hornet,23
hose,23
hotti,23
hover,23
howel,23
idl,23
imax,23
imprison,23
injustic,23
irrat,23
isp,23
jockey,23
johnston,23
kat,23
kathi,23
keeper,23
lacross,23
landmark,23
lefti,23
limo,23
lmbo,23
loft,23
lombardi,23
mae,23
mandi,23
mansion,23
mantra,23
mater,23
mesh,23
miranda,23
mocha,23
muhammad,23
needi,23
nelli,23
nichol,23
nippl,23
nude,23
ontario,23
outfield,23
outright,23
overlap,23
overr,23
palat,23
penetr,23
pep,23
pivot,23
prez,23
psa,23
puddl,23
pulitz,23
rambl,23
reassur,23
rebellion,23
refil,23
reg,23
rehabilit,23
reorgan,23
restroom,23
retro,23
revert,23
rico,23
rigor,23
roug,23
rugbi,23
ruth,23
scarf,23
sceneri,23
seam,23
shatter,23
shin,23
shirley,23
shorten,23
shortterm,23
snag,23
springsteen,23
stagger,23
stimulus,23
stomp,23
straighten,23
stylish,23
swagg,23
swamp,23
swiss,23
sworn,23
tad,23
taliban,23
taller,23
tens,23
testament,23
timeless,23
tobacco,23
transplant,23
tulsa,23
undercov,23
undergrad,23
underwat,23
uni,23
unpleas,23
vain,23
verb,23
vigor,23
wagon,23
waitress,23
we’d,23
wii,23
windshield,23
winehous,23
wld,23
wolv,23
yessir,23
zealand,23
 includ,23
aam,22
addi,22
adequ,22
adob,22
aldridg,22
aloha,22
altogeth,22
amer,22
ancestor,22
apr,22
arthriti,22
ashton,22
assort,22
asu,22
athen,22
auster,22
bah,22
bam,22
bck,22
bedtim,22
bestsel,22
blister,22
boomer,22
bridal,22
bumper,22
camden,22
camper,22
celeri,22
chan,22
chihuahua,22
children’s,22
christin,22
cider,22
cilantro,22
citrus,22
clearanc,22
clog,22
clooney,22
compress,22
consolid,22
crook,22
cruiser,22
crusad,22
cutter,22
dashboard,22
daytim,22
debit,22
deceiv,22
defect,22
depp,22
detector,22
duel,22
dysfunct,22
edgar,22
epa,22
eread,22
erect,22
erik,22
eww,22
father’s,22
fatigu,22
ferrel,22
fifteen,22
fin,22
fiveyear,22
foe,22
foo,22
fusion,22
gabbi,22
gangster,22
garnish,22
grumpi,22
hale,22
hampton,22
header,22
heap,22
hobbit,22
hog,22
honk,22
horrifi,22
hwi,22
hyster,22
impati,22
impuls,22
indigen,22
indonesia,22
jerusalem,22
joann,22
jpmorgan,22
kimber,22
landlord,22
lantern,22
layup,22
levin,22
limp,22
linemen,22
linen,22
liverpool,22
lizzi,22
ltd,22
lure,22
lurk,22
median,22
medicaid,22
mediev,22
merced,22
midtown,22
mingl,22
misti,22
mod,22
montreal,22
moodi,22
mose,22
multipli,22
naiv,22
newer,22
nfc,22
nissan,22
norway,22
outsourc,22
oval,22
overhead,22
overturn,22
overweight,22
pardon,22
patricia,22
payton,22
pessimist,22
peterson,22
pigeon,22
piggi,22
plum,22
pregam,22
prix,22
provok,22
purdu,22
quak,22
reckon,22
redsox,22
referendum,22
repost,22
reschedul,22
rethink,22
rex,22
rippl,22
ronni,22
rori,22
rubio,22
salem,22
salesman,22
sanction,22
scarlet,22
scrub,22
shawn,22
sherri,22
she’d,22
shimmer,22
simpler,22
sinus,22
smoker,22
snore,22
sopa,22
standout,22
stint,22
stl,22
surreal,22
syrian,22
tailgat,22
tamal,22
tame,22
thankyou,22
they’ll,22
thinker,22
thoreau,22
tickl,22
titti,22
tore,22
transmit,22
trippin,22
tryout,22
uber,22
uhm,22
ultra,22
undergo,22
undertak,22
undoubt,22
unload,22
variabl,22
vend,22
vertic,22
vic,22
vietnam,22
vomit,22
voyag,22
waiter,22
walsh,22
watermelon,22
weirdest,22
windsor,22
worthless,22
yuck,22
zumba,22
“There,22
accustom,21
acm,21
akin,21
alfr,21
amsterdam,21
ape,21
astonish,21
astronaut,21
auditorium,21
ava,21
awh,21
baggag,21
balconi,21
baller,21
ballin,21
ballroom,21
barney,21
basin,21
bcuz,21
blur,21
boon,21
boosi,21
boutta,21
bradford,21
brat,21
brb,21
buster,21
bypass,21
calvin,21
casa,21
cask,21
cathedr,21
char,21
character,21
checkin,21
cheryl,21
choral,21
cinci,21
cinemat,21
cocki,21
col,21
corps,21
corral,21
cushion,21
dali,21
dart,21
daunt,21
davidson,21
defer,21
dehydr,21
depriv,21
detent,21
diana,21
diesel,21
dilemma,21
disguis,21
dispens,21
dissolv,21
doh,21
dora,21
doughnut,21
drizzl,21
drone,21
dual,21
dubai,21
dusti,21
embassi,21
enrich,21
exquisit,21
farther,21
flier,21
foodi,21
fragranc,21
freebi,21
freshmen,21
fuk,21
furi,21
glu,21
gregg,21
guacamol,21
han,21
harley,21
havnt,21
heartbeat,21
heater,21
homecom,21
hostag,21
howl,21
humil,21
huntington,21
huntsman,21
imit,21
immort,21
inaccur,21
inexpens,21
intel,21
jag,21
katherin,21
kayak,21
ketchup,21
kickin,21
kodak,21
lager,21
lmaooo,21
loaf,21
lohan,21
lold,21
loom,21
lotus,21
lunchtim,21
maniac,21
man’s,21
maxwel,21
mayer,21
meek,21
mellow,21
meme,21
midfield,21
missi,21
missil,21
monopoli,21
mosqu,21
moyer,21
mozzarella,21
msu,21
muddi,21
natl,21
nickel,21
noel,21
norwegian,21
nurtur,21
nutti,21
nyu,21
offset,21
oneyear,21
onstag,21
oracl,21
paddl,21
paintbal,21
panelist,21
panera,21
paranoid,21
parish,21
patterson,21
paypal,21
pbr,21
pedal,21
persona,21
petal,21
pharmacist,21
philippin,21
playa,21
portabl,21
portal,21
postal,21
prettier,21
prey,21
prick,21
prod,21
prolong,21
protagonist,21
rand,21
reap,21
redevelop,21
renam,21
reset,21
restructur,21
rot,21
rumbl,21
russ,21
sacrif,21
sax,21
scooter,21
scorer,21
scrimmag,21
seeker,21
shampoo,21
shaq,21
shipment,21
simul,21
skc,21
snapshot,21
spank,21
spawn,21
spear,21
specifi,21
stereotyp,21
str,21
strait,21
sympathet,21
takin,21
tellin,21
throwback,21
tina,21
tofu,21
tot,21
unawar,21
uncertain,21
uncontrol,21
undef,21
undo,21
veil,21
versa,21
vicious,21
vick,21
visa,21
viva,21
voucher,21
wari,21
weaken,21
weaver,21
webcast,21
westminst,21
wiki,21
winston,21
wwii,21
yeahh,21
zucchini,21
 like,21
“But,21
accuraci,20
agil,20
allah,20
almighti,20
angelina,20
anti,20
appel,20
applaus,20
arcad,20
archaeolog,20
ark,20
artisan,20
astd,20
astro,20
atom,20
attir,20
avid,20
bach,20
bachmann,20
banger,20
bankrupt,20
beck,20
bluray,20
bong,20
brandi,20
breathtak,20
brenda,20
bribe,20
brim,20
broadband,20
buff,20
bustl,20
cabrera,20
cameo,20
capt,20
carmel,20
christie’s,20
classmat,20
climax,20
coliseum,20
colon,20
comb,20
compassion,20
condol,20
connor,20
cosmet,20
countrysid,20
cranki,20
craze,20
creme,20
css,20
cynthia,20
cyrus,20
damnit,20
dealership,20
devour,20
disregard,20
distributor,20
dividend,20
dns,20
doctrin,20
dorm,20
douchebag,20
drastic,20
dumpl,20
ecstat,20
eggplant,20
embed,20
enchant,20
excerpt,20
favour,20
fiddl,20
fig,20
fireplac,20
franki,20
fraudul,20
freeman,20
fugit,20
garfield,20
git,20
glendal,20
gnight,20
gosl,20
gracia,20
graffiti,20
grapefruit,20
gummi,20
hahaa,20
haley,20
hansen,20
hardship,20
hardwork,20
hmu,20
hon,20
hormon,20
hulu,20
idc,20
incub,20
incumb,20
indefinit,20
induct,20
inhabit,20
inventor,20
itchi,20
ivan,20
jagger,20
jolli,20
judd,20
kenneth,20
lasagna,20
lauri,20
leisur,20
leon,20
limb,20
lube,20
mack,20
marx,20
massacr,20
mayday,20
medina,20
meg,20
messeng,20
migrain,20
miracul,20
mmfcl,20
mont,20
murdoch,20
nana,20
negro,20
newcom,20
nikki,20
nina,20
nurseri,20
nxt,20
obedi,20
obrien,20
ornament,20
paranorm,20
passiv,20
pathway,20
payback,20
pollen,20
portugues,20
presal,20
proofread,20
protocol,20
queer,20
reboot,20
recharg,20
riddl,20
roam,20
robe,20
romeo,20
roth,20
roxi,20
sadden,20
safari,20
saga,20
sangria,20
savvi,20
scissor,20
seamless,20
sebastian,20
shawti,20
skim,20
slipper,20
smallest,20
snooz,20
snuggl,20
souvenir,20
spammer,20
spectacl,20
sportingkc,20
spun,20
stein,20
strategist,20
sunburn,20
sweden,20
synchron,20
tenn,20
terrac,20
thatcamp,20
thicken,20
thief,20
thrust,20
timeout,20
tint,20
toledo,20
turnpik,20
tweetup,20
uconn,20
unconsci,20
underdog,20
unseen,20
uphold,20
uplift,20
vanessa,20
veto,20
vienna,20
vin,20
weld,20
westbrook,20
wht,20
widen,20
widespread,20
woe,20
xfactor,20
yearbook,20
yhu,20
“Mi,20
acryl,19
algebra,19
amc,19
america’s,19
anc,19
antioxid,19
arguabl,19
arteri,19
artifici,19
asylum,19
auditor,19
aussi,19
autist,19
backdrop,19
backer,19
bama,19
baseman,19
batum,19
benchmark,19
benefici,19
berni,19
betta,19
blackout,19
blatant,19
booker,19
breakout,19
brunswick,19
burk,19
busch,19
careless,19
cassett,19
chavez,19
cheerio,19
choo,19
cio,19
clutter,19
cnt,19
collid,19
comma,19
consent,19
contributor,19
cornelius,19
corridor,19
coutur,19
crepe,19
crosbi,19
crunchi,19
cunningham,19
cvs,19
daniell,19
darren,19
decay,19
demograph,19
denim,19
despis,19
development,19
dew,19
ding,19
discern,19
discours,19
dizzi,19
dos,19
downsid,19
duplic,19
eateri,19
embark,19
entourag,19
eri,19
erica,19
etch,19
ewww,19
fda,19
fetus,19
fielder,19
fieri,19
fixtur,19
flashback,19
footprint,19
fragil,19
fray,19
frenzi,19
frontier,19
gatorad,19
generos,19
germ,19
gimmick,19
glossi,19
goodel,19
goodman,19
goty,19
granddaught,19
guin,19
hacker,19
haiku,19
hallmark,19
hammond,19
handicap,19
harbaugh,19
hawthorn,19
heath,19
herd,19
hick,19
hitchcock,19
holler,19
homebrew,19
hungov,19
hush,19
huski,19
ibm,19
iceberg,19
identif,19
imageri,19
improp,19
incl,19
incomplet,19
infield,19
infin,19
int,19
jealousi,19
jobless,19
joker,19
juliet,19
kendrick,19
kfc,19
kohl,19
kraft,19
lavend,19
lest,19
lieuten,19
lightweight,19
loudest,19
luna,19
marriott,19
masturb,19
matrix,19
maui,19
mayan,19
mediat,19
metabol,19
middleclass,19
midway,19
misunderstand,19
mofo,19
molest,19
moss,19
motorist,19
msnbc,19
northwestern,19
nostalgia,19
obama’s,19
ofallon,19
oldfashion,19
opp,19
orchestr,19
ozzi,19
palestinian,19
partisan,19
passov,19
